idx,im_std,clicks,spent,success
0,-0.5735416319944527,1,1.429999948,1.0
1,-0.539934627809413,2,1.820000023,-1.0
2,-0.5834245403700552,1,1.25,-1.0
3,-0.5838274023743664,1,1.289999962,1.0
4,-0.5471158029021349,3,4.769999981,-1.0
5,-0.5620280916966383,1,1.269999981,1.0
6,-0.5895122328796466,1,1.5,-1.0
7,-0.5666610047462171,3,3.159999967,-1.0
8,-0.5501404652519634,7,10.28000021,1.0
9,-0.5896720987543732,1,0.569999993,-1.0
10,-0.5822479275320669,1,1.690000057,-1.0
11,-0.5298151179392151,4,4.630000114,1.0
12,-0.574238647208261,2,2.609999895,-1.0
13,-0.5580666153209115,2,3.049999952,-1.0
14,-0.5580570233684279,2,3.059999943,1.0
15,-0.5732538734199447,2,2.980000019,1.0
16,-0.5359315863062574,4,5.5200001,-1.0
17,-0.561948158759275,2,1.690000057,1.0
18,-0.5208914048119726,7,8.470000148,1.0
19,-0.4460517942174314,12,15.82000017,-1.0
20,-0.589742439739253,1,1.470000029,-1.0
21,-0.5900653688062009,1,1.529999971,1.0
22,-0.4126686022570091,14,18.06999969,1.0
23,-0.5871590072036701,1,1.610000014,1.0
24,-0.5810105656616825,1,1.190000057,-1.0
25,-0.47322259828597546,7,9.220000267,-1.0
26,-0.5798755179511232,1,1.50999999,-1.0
27,-0.5259943235332478,7,9.430000067,1.0
28,-0.5554160391179433,5,6.960000038,-1.0
29,-0.589023043302983,1,1.220000029,-1.0
30,-0.5782928457913292,2,2.799999952,1.0
31,-0.5881437809919864,1,1.600000024,-1.0
32,-0.5848537412901116,1,1.129999995,1.0
33,-0.561235156957994,4,5.730000019,1.0
34,-0.5408586525653332,7,9.379999995,-1.0
35,-0.554424870694638,4,5.629999995,1.0
36,-0.553369755921442,3,3.840000033,-1.0
37,-0.5798595313636505,1,1.039999962,-1.0
38,-0.5829001803009517,1,1.460000038,1.0
39,-0.5574527303619611,2,2.839999914,1.0
40,-0.5876481967803336,1,1.350000024,1.0
41,-0.5640072312257544,4,5.75,-1.0
42,-0.570635270391922,3,3.980000019,-1.0
43,-0.5581689294807365,3,4.449999928,-1.0
44,-0.5723937950139152,2,1.320000052,-1.0
45,-0.5635787906814869,3,4.090000033,-1.0
46,-0.5792136732297548,1,1.529999971,1.0
47,-0.47126903729681563,7,10.03000009,1.0
48,-0.553945273070458,3,4.25,-1.0
49,-0.414724477405994,13,20.29000032,1.0
50,-0.5796069432815824,1,1.389999986,1.0
51,-0.5593039771912959,3,4.440000057,-1.0
52,-0.5834245403700552,1,1.570000052,1.0
53,-0.5800225945558717,1,1.289999962,1.0
54,-0.5809785924867372,1,1.409999967,1.0
55,-0.2624490344113505,24,33.33000004,1.0
56,-0.5698519276057613,3,3.340000093,1.0
57,-0.5322099087426205,6,8.050000072,-1.0
58,-0.5573855866945758,4,5.210000038,1.0
59,-0.574958043644531,2,2.349999964,-1.0
60,-0.4722346271801647,13,19.32999957,-1.0
61,-0.5829353507933915,1,1.450000048,-1.0
62,-0.5651806467462481,3,4.050000072,-1.0
63,-0.36161063918680664,23,32.97999978,-1.0
64,-0.3741633076703444,20,31.28999949,-1.0
65,-0.5514577600597111,6,8.789999962,-1.0
66,-0.5319381367555852,5,9.119999886,1.0
67,-0.5579866823835481,4,6.26000011,-1.0
68,-0.32395263373619326,28,38.63999999,1.0
69,-0.5895665872770537,1,0.239999995,-1.0
70,-0.5846011532080434,1,1.090000033,-1.0
71,-0.561235156957994,2,2.680000067,-1.0
72,-0.5788939414803015,2,3.00999999,-1.0
73,-0.590174077601015,1,1.580000043,1.0
74,-0.4518805040099656,10,14.06000042,-1.0
75,-0.5731323753551525,2,2.900000095,1.0
76,-0.5813143108236631,1,1.590000033,-1.0
77,-0.5409194015977293,3,4.590000153,-1.0
78,-0.5863532831950476,1,0.540000021,-1.0
79,-0.4859671058191853,7,13.41000009,1.0
80,-0.5874179899207272,1,0.860000014,1.0
81,-0.5104553605098159,9,10.77000046,1.0
82,-0.53235059071238,4,5.590000153,-1.0
83,-0.12652787040124483,36,58.16000044,1.0
84,-0.5277752293777028,7,10.61999977,1.0
85,-0.567907958569085,4,5.460000038,1.0
86,-0.44948571320656017,15,20.17999983,1.0
87,0.9818606068886624,116,176.3799977,1.0
88,-0.3028535355897679,27,34.39000046,1.0
89,-0.555617470120099,4,5.49000001,1.0
90,-0.5940236478644331,1,1.419999957,-1.0
91,-0.24185191511156687,38,51.97000027,1.0
92,-0.5739956510786764,2,3.190000057,-1.0
93,-0.557110617390046,2,1.960000038,-1.0
94,-0.571361061463181,1,0.600000024,-1.0
95,-0.5823118738819576,1,1.149999976,1.0
96,-0.5543417404397801,2,3.180000067,1.0
97,-0.588111807817041,1,0.980000019,1.0
98,-0.5842014885212268,2,1.480000049,1.0
99,-0.5495841320079146,3,2.939999938,1.0
100,-0.5661110661371572,3,4.600000024,1.0
101,-0.5580794045908896,2,2.669999957,-1.0
102,-0.49666852747338824,8,10.96000051,1.0
103,-0.5701524754502474,2,2.359999895,1.0
104,-0.5142825495507722,5,7.350000143,-1.0
105,-0.5059567347950076,10,9.340000033,-1.0
106,-0.5646658786296282,3,4.619999886,-1.0
107,-0.5248720650926666,5,8.5,-1.0
108,-0.5814773740158844,2,2.420000076,-1.0
109,-0.5759875798777707,2,2.950000048,-1.0
110,-0.5645443805648359,2,3.720000029,1.0
111,-0.5612895113554011,4,4.449999809,-1.0
112,-0.4879270614433342,8,13.07000017,-1.0
113,-0.5028297582853539,7,10.84999967,-1.0
114,-0.4731170868086559,9,10.84999967,-1.0
115,-0.46364982970734275,10,12.06000006,1.0
116,-0.5375654155459638,5,8.860000134,-1.0
117,-0.3286942555805862,21,27.72999954,1.0
118,-0.5164886986220003,6,7.349999905,-1.0
119,-0.3456464329366018,19,26.53000045,-1.0
120,-0.268693395478174,25,39.42999983,-1.0
121,-0.33221769945956187,24,47.93000031,-1.0
122,-0.5674987019297847,3,6.039999962,-1.0
123,-0.5724033869663988,2,2.369999886,-1.0
124,-0.5720356954545275,4,6.340000153,1.0
125,-0.21635970272765276,34,53.21999949,-1.0
126,-0.28025809285590103,23,35.79999948,-1.0
127,0.849418124312609,114,180.2200012,-1.0
128,0.014358727677871065,48,76.41000056,-1.0
129,-0.5260103101207205,6,9.549999952,-1.0
130,-0.4426402564507644,11,18.01999998,-1.0
131,-0.508927042747429,8,13.37,-1.0
132,-0.5644484610399999,4,4.590000033,1.0
133,-0.46874635379362883,16,25.86000001,-1.0
134,-0.5853429308667751,1,0.49000001,1.0
135,-0.572902168495546,1,1.679999948,1.0
136,-0.45189329327994376,15,25.41999936,1.0
137,-0.5232286439004765,2,3.310000062,1.0
138,-0.5445259757315629,1,1.549999952,-1.0
139,-0.45714009128847294,5,5.439999938,-1.0
140,-0.036267597530569406,55,81.60999787,-1.0
141,-0.5564167994937322,3,4.98999989,1.0
142,-0.3709851740807783,20,31.7099998,-1.0
143,-0.3926470001062415,16,25.52000046,-1.0
144,-0.5487464348243468,3,4.25999999,-1.0
145,-0.5689886518822372,1,1.830000043,-1.0
146,-0.5508119019258154,1,1.389999986,-1.0
147,-0.5279926469673312,2,2.809999943,-1.0
148,-0.38357301305675595,8,11.04999971,-1.0
149,-0.5110021018013811,5,7.229999781,-1.0
150,-0.5587124734548072,3,4.269999862,-1.0
151,-0.5351642301075693,6,9.4799999,1.0
152,-0.5619993158391874,2,2.890000105,-1.0
153,-0.4899605553698574,6,10.56999969,1.0
154,-0.53283018833656,2,3.200000048,1.0
155,-0.5475922032088203,1,0.970000029,-1.0
156,-0.5104841363672667,3,4.370000005,-1.0
157,-0.5466745730878892,1,0.569999993,1.0
158,-0.5857777660460317,1,1.809999943,1.0
159,-0.5372233025740488,2,3.319999933,-1.0
160,-0.5715720844178201,1,1.179999948,1.0
161,-0.5561642114116642,3,4.730000019,1.0
162,-0.5707823469966704,1,1.379999995,1.0
163,-0.5891157655103245,1,1.25999999,-1.0
164,-0.5848537412901116,2,3.049999952,-1.0
165,-0.5642470300378444,3,3.579999924,1.0
166,-0.5575358606168189,4,6.279999971,-1.0
167,-0.5733497929447807,1,1.210000038,-1.0
168,-0.14910412923014454,28,46.63000011,-1.0
169,-0.2548617999968229,20,34.44000012,-1.0
170,-0.5880990185470629,1,1.289999962,-1.0
171,-0.5444108723017597,6,9.21999979,-1.0
172,-0.5411272272348739,5,7.719999909,-1.0
173,-0.5658680700075728,2,1.5,1.0
174,-0.5831879388754597,1,0.180000007,1.0
175,-0.5609378064310023,3,5.389999866,1.0
176,-0.556343261191358,4,5.779999852,-1.0
177,-0.587824049242533,1,0.99000001,1.0
178,-0.5842878160935792,1,1.279999971,-1.0
179,-0.534364900733936,4,5.279999971,1.0
180,-0.5872996891734296,1,1.379999995,-1.0
181,-0.5873572408883312,1,1.049999952,1.0
182,-0.5858832775233512,1,1.340000033,1.0
183,-0.5344352417188157,7,10.42999983,-1.0
184,-0.5345759236885752,5,6.099999905,-1.0
185,-0.4070157449266742,12,19.65999949,-1.0
186,-0.0933557013954617,33,56.19000077,-1.0
187,-0.5210448760517102,4,6.029999852,-1.0
188,-0.5819313931001081,1,1.830000043,1.0
189,-0.5803870887502485,1,0.959999979,-1.0
190,-0.5539644569754252,3,2.619999945,-1.0
191,-0.5822830980245067,1,1.360000014,-1.0
192,-0.5503131203966681,4,6.050000191,-1.0
193,-0.4160257856262691,12,19.88000035,-1.0
194,-0.5595213947809241,3,4.529999971,1.0
195,-0.5461725942412475,5,6.779999852,-1.0
196,-0.5604454195368442,2,3.090000033,1.0
197,-0.5670254989405938,2,3.140000105,-1.0
198,-0.5396372772824215,6,7.5400002,1.0
199,-0.570977383363837,1,0.99000001,-1.0
200,-0.35870747490177035,19,34.1500001,-1.0
201,-0.5756230856833939,2,3.090000033,-1.0
202,-0.5589586669018862,4,3.959999919,-1.0
203,-0.5647809820594314,2,2.650000095,1.0
204,-0.5197052000215008,5,8.179999828,-1.0
205,-0.5659160297699908,4,4.130000114,1.0
206,-0.5626707525130394,4,5.389999866,-1.0
207,-0.5726495804134779,1,0.720000029,1.0
208,-0.5732123082925158,1,1.679999948,1.0
209,-0.4634420040701981,14,19.10000038,-1.0
210,-0.571217182175927,2,3.579999924,1.0
211,-0.579130542974897,1,1.580000043,-1.0
212,-0.5772697041930785,2,2.75,1.0
213,-0.23747159014405622,25,41.29000068,-1.0
214,-0.5501372679344688,7,9.410000324,-1.0
215,-0.49107002454046045,9,13.40999985,-1.0
216,-0.5829833105558095,1,0.949999988,-1.0
217,-0.3107956722461887,24,32.28999996,-1.0
218,-0.5742898042881734,2,1.730000019,1.0
219,-0.5695034199988571,1,0.889999986,-1.0
220,-0.5659320163574634,1,1.379999995,-1.0
221,-0.4313697122825344,8,10.2299999,1.0
222,-0.509790318470953,3,4.429999828,-1.0
223,-0.5317878628333421,4,3.829999924,-1.0
224,-0.5713226936532466,1,1.110000014,-1.0
225,-0.5470198833772989,4,5.349999905,-1.0
226,-0.5599178621502463,3,3.950000048,1.0
227,-0.5670670640680228,3,4.019999981,-1.0
228,-0.582967323968337,1,1.330000043,1.0
229,-0.5699638337180699,2,3.089999914,-1.0
230,-0.5784239358086051,1,1.419999957,1.0
231,-0.514496769822906,4,6.019999981,-1.0
232,-0.5811480503139475,1,1.230000019,1.0
233,-0.07798619619924006,56,77.07999969,-1.0
234,-0.518573349628436,7,9.329999924,-1.0
235,-0.5534912539862343,3,4.090000033,-1.0
236,-0.5772984800505293,1,1.370000005,1.0
237,-0.5680230619988882,1,1.379999995,1.0
238,-0.5300868899262504,4,5.909999967,1.0
239,-0.5421535661506192,5,6.910000086,-1.0
240,-0.5187364128206572,7,9.539999962,-1.0
241,-0.454125020891128,13,17.30000037,-1.0
242,-0.5763584687071366,2,1.309999943,-1.0
243,-0.5457153778395293,3,4.079999924,1.0
244,-0.42207191300843155,12,17.92999995,1.0
245,-0.5819953394499988,1,1.220000029,-1.0
246,-0.5704530232947336,3,4.569999933,1.0
247,-0.5785166580159465,2,2.269999981,-1.0
248,-0.5816532264780837,1,1.029999971,-1.0
249,-0.32435869305799897,26,36.13000035,-1.0
250,-0.5783727787286925,1,1.370000005,-1.0
251,-0.5783088323788018,1,1.539999962,-1.0
252,-0.07230456301145437,41,59.06999993,-1.0
253,-0.5387420283839521,6,7.810000062,-1.0
254,-0.3614763518520362,20,28.5,-1.0
255,-0.5381441300124744,7,10.07999992,-1.0
256,-0.07027106908493118,49,67.97999978,1.0
257,-0.5732250975624938,1,1.639999986,1.0
258,-0.5765023479943906,1,0.529999971,-1.0
259,-0.576540715804325,1,1.370000005,-1.0
260,-0.5809274354068247,1,1.440000057,-1.0
261,-0.5708239121240993,3,3.919999957,-1.0
262,-0.22648560723283975,38,49.44000006,-1.0
263,-0.5644740395799562,1,1.230000019,1.0
264,-0.5678376175842053,3,4.180000067,-1.0
265,-0.5862189958602773,1,1.440000057,1.0
266,-0.5774039915278489,1,1.330000043,-1.0
267,-0.567812039044249,3,3.749999881,-1.0
268,-0.5795366022967027,2,2.730000019,1.0
269,-0.5706512569793946,2,2.320000052,1.0
270,-0.5788044165904546,1,1.320000052,-1.0
271,-0.4759499101088124,5,6.169999957,1.0
272,-0.5162552944448994,4,4.940000057,1.0
273,-0.5576573586816111,5,6.340000153,1.0
274,-0.5817491460029197,1,0.860000014,-1.0
275,-0.5763392848021693,1,1.350000024,-1.0
276,-0.2626728466359678,29,39.25000095,1.0
277,-0.4894074194433031,11,12.51000035,-1.0
278,-0.5735831971218817,3,4.079999924,-1.0
279,-0.56109127767074,3,4.550000191,-1.0
280,-0.5042078021254979,7,8.910000086,1.0
281,-0.576157037704981,1,1.610000014,-1.0
282,-0.5601544636448417,3,4.300000191,-1.0
283,-0.5580889965433732,3,2.869999945,-1.0
284,-0.5781393745515916,1,1.559999943,1.0
285,-0.5842142777912049,1,1.570000052,-1.0
286,-0.5574079679170376,2,3.210000038,1.0
287,-0.5467800845652089,1,1.379999995,-1.0
288,-0.5894738650697122,2,2.839999914,1.0
289,-0.5759172388928909,1,1.320000052,-1.0
290,-0.5793383686120416,1,1.519999981,-1.0
291,-0.5909382364822084,1,0.980000019,-1.0
292,-0.5910181694195717,1,1.409999967,-1.0
293,-0.5721667854718033,3,4.329999924,1.0
294,-0.5886233786161663,1,1.070000052,-1.0
295,-0.5875554745729922,1,1.5,1.0
296,-0.5794023149619323,1,1.230000019,-1.0
297,-0.5329356998138797,4,4.659999847,1.0
298,-0.5781969262664932,1,1.539999962,1.0
299,-0.5652350011436551,2,2.720000029,-1.0
300,-0.5800737516357842,3,4.289999962,1.0
301,-0.5822671114370341,2,3.25,1.0
302,-0.5785774070483427,1,1.580000043,1.0
303,-0.5673164548325963,2,2.619999886,1.0
304,-0.5851574864520922,1,1.539999962,-1.0
305,-0.5878368385125111,1,1.590000033,1.0
306,-0.5882524897868004,1,1.389999986,-1.0
307,-0.5202167708206261,9,12.39000034,-1.0
308,-0.5875043174930796,1,0.970000029,-1.0
309,-0.5727774731132592,2,3.150000095,1.0
310,-0.5299078401465566,10,11.94999981,-1.0
311,-0.5822799007070122,1,1.360000014,-1.0
312,-0.5869735627889872,1,1.480000019,-1.0
313,-0.5888471908407836,1,1.480000019,-1.0
314,-0.5629041566901404,5,7.269999981,-1.0
315,-0.5900429875837391,1,0.409999996,-1.0
316,-0.5865643061496869,2,2.680000067,-1.0
317,-0.5450087706732374,4,6.079999924,-1.0
318,-0.5904010871431269,1,1.50999999,1.0
319,-0.5822511248495614,2,2.099999905,-1.0
320,-0.5882045300243824,1,1.559999943,1.0
321,-0.5796261271865496,2,2.960000038,-1.0
322,-0.5069766790757637,8,12.36999989,1.0
323,3.2228508468545773,141,254.049996,1.0
324,1.4417211901749052,67,122.4,1.0
325,0.8727329634827459,50,86.33000112,1.0
326,1.8011380443703837,86,161.9099991,1.0
327,-0.5009049731536449,1,1.820000052,-1.0
328,3.455717874616427,123,236.7699986,1.0
329,9.16118066968888,340,639.9499981,1.0
330,-0.5012982432054724,1,1.590000033,1.0
331,0.5471373337444405,30,52.97000015,1.0
332,6.055507886501376,202,360.1500015,1.0
333,-0.13023675869490345,9,16.5200001,1.0
334,-0.49275820817757404,1,1.539999962,-1.0
335,2.550784301456159,95,163.8999972,1.0
336,2.2192000960505927,123,210.3600006,1.0
337,-0.01368494406668062,20,35.73000026,1.0
338,2.2642726807710285,120,215.8399994,1.0
339,-0.4968092094431477,2,3.800000072,-1.0
340,0.7148494256026909,55,96.80000055,-1.0
341,1.2332624841663222,89,157.329998,1.0
342,-0.28127803713665717,15,26.56999946,1.0
343,0.5072188248251921,54,93.08999991,1.0
344,0.43856602358257285,46,78.9200002,1.0
345,0.6793240309209313,58,103.1500002,-1.0
346,-0.04965476588018038,22,36.53000021,1.0
347,-0.18655111172611868,15,28.85000002,1.0
348,2.70989241193662,152,257.7099986,1.0
349,-0.45021150427781925,5,7.220000148,-1.0
350,-0.4663579576252125,4,7.899999976,1.0
351,0.31915900443173173,34,62.06000042,1.0
352,-0.5311196234769847,1,2.099999905,1.0
353,-0.32977494889373843,7,14.14000046,1.0
354,-0.22959659715502068,12,23.73000026,1.0
355,-0.5171025835809506,1,1.710000038,-1.0
356,-0.37673075361845465,5,9.440000057,-1.0
357,-0.05481523631635715,16,27.79999924,-1.0
358,0.45484676426473647,35,67.65000057,1.0
359,-0.5228705443410888,2,2.980000019,-1.0
360,-0.5110660481512718,2,3.24000001,-1.0
361,0.11178738637129017,31,52.26000011,1.0
362,-0.3142615644102628,7,13.0400002,1.0
363,0.003593359673777401,23,38.38999975,1.0
364,1.2276639812333943,80,138.7699997,1.0
365,2.8033308183968617,145,260.3800013,1.0
366,-0.435503843802966,6,8.549999952,-1.0
367,-0.3158858016974857,9,15.63000023,-1.0
368,0.2925317443372583,33,60.19999957,-1.0
369,0.07267140414316961,20,34.19000006,-1.0
370,-0.5129013083931339,2,3.24000001,-1.0
371,-0.4658559787785707,3,5.140000105,1.0
372,2.205953609670741,120,216.5599982,1.0
373,0.6799411131973762,53,93.07000041,-1.0
374,0.31054223378396445,30,56.05999923,-1.0
375,0.23649555792806748,31,54.09999871,1.0
376,-0.4122977134276432,5,7.800000072,1.0
377,-0.47312348144364497,3,5.220000029,-1.0
378,3.8545448642495237,206,358.5500029,1.0
379,2.9500205477285553,159,280.9899995,1.0
380,1.2614979949605458,65,115.1200008,1.0
381,2.7564997090544323,128,219.770002,1.0
382,0.35400656780465034,30,52.01999986,1.0
383,0.1317066743622327,22,35.30999994,1.0
384,0.5993143579377297,38,63.32000101,1.0
385,0.11783351375345266,32,54.24000037,-1.0
386,0.3083424793477255,39,65.22999996,1.0
387,-0.46391840437688353,3,4.210000038,-1.0
388,0.03813078324972624,30,48.60999978,1.0
389,-0.27540456489919946,10,13.91999972,1.0
390,-0.3923496495792499,5,11.0599997,-1.0
391,0.6974432291624515,43,87.42000079,-1.0
392,-0.5258824174209391,1,1.659999967,1.0
393,-0.4125886693196458,4,6.74000001,-1.0
394,-0.5172624494556773,5,8.220000267,1.0
395,-0.4726662650419267,3,5.580000043,-1.0
396,-0.42592148327184964,6,9.2299999,1.0
397,-0.016143681219976738,20,34.22999972,1.0
398,-0.5037282045013178,2,3.149999976,-1.0
399,-0.2611733047310317,13,20.2099994,1.0
400,0.32370878722645263,31,59.43999982,1.0
401,0.08134892382333303,22,38.58999968,1.0
402,-0.20055855966966912,11,21.84999979,1.0
403,-0.5317431003884187,1,1.960000038,-1.0
404,-0.26771501632484684,14,22.32000005,-1.0
405,0.8335018778248221,66,110.2399991,1.0
406,-0.09793745736512793,19,29.75000048,1.0
407,-0.29964342882525646,12,18.47000015,-1.0
408,-0.13215834650911798,23,36.24000025,-1.0
409,0.3506845549278302,50,76.43999958,1.0
410,-0.3931010191904652,7,11.80000019,1.0
411,-0.21808945149219527,14,26.81999981,1.0
412,0.17070755316055006,38,65.67000115,1.0
413,-0.05634994871373314,20,32.24000025,1.0
414,2.742370763046089,142,245.5999999,1.0
415,-0.2968425787000453,11,17.6400001,1.0
416,-0.0029067867926088234,25,38.54999936,1.0
417,-0.035493846696892345,23,40.75999951,-1.0
418,-0.47814326991006223,4,6.370000005,-1.0
419,0.5048112447518085,51,89.76000047,1.0
420,-0.28349377816036875,9,16.1500001,-1.0
421,1.8672873460147834,100,189.1299984,1.0
422,-0.42901328928906335,5,8.529999852,-1.0
423,0.5613334234201685,39,67.77000129,1.0
424,0.7705434990399667,50,96.8999989,1.0
425,-0.020402508122695107,21,37.13000011,1.0
426,0.0019083733541583453,29,53.15999961,1.0
427,1.9061187669858906,118,192.9299995,1.0
428,3.2606271530524884,128,236.1199988,1.0
429,-0.32688777119617485,7,12.57000017,-1.0
430,-0.2956723604970461,7,12.5800004,1.0
431,-0.17800148474573663,16,28.04999959,1.0
432,0.4951713325057906,50,83.48000121,1.0
433,-0.14702267554120335,19,30.4799999,1.0
434,-0.2692369394522447,13,20.29999983,1.0
435,0.8352028507319138,68,131.5799983,1.0
436,-0.35291073828418146,9,14.62999988,-1.0
437,0.22338335888298635,38,64.46999931,1.0
438,-0.189460670646144,21,30.15000057,1.0
439,0.1626503130743261,37,62.25000024,1.0
440,0.2697220813312577,42,78.03999984,1.0
441,-0.5275226412956348,2,3.400000095,-1.0
442,-0.3125765780906437,10,14.8300004,-1.0
443,-0.25057419723665375,13,22.42999983,1.0
444,0.005959374619732052,27,44.14000034,-1.0
445,0.28247618081695103,43,69.65999997,1.0
446,-0.3903449315101775,10,16.26999998,-1.0
447,-0.49707778411268855,4,5.789999902,-1.0
448,-0.1489474606729124,24,42.08000016,-1.0
449,0.11634356380100014,40,67.66999984,-1.0
450,-0.2617424272450586,18,34.07000089,-1.0
451,-0.0689186037847436,23,41.71999967,1.0
452,-0.3278469664445348,11,19.56999981,-1.0
453,0.10822557468238005,31,57.37,1.0
454,-0.35467246022366933,10,17.36999965,1.0
455,0.5827234774585963,59,100.289999,-1.0
456,-0.5068967461384003,3,3.709999919,-1.0
457,-0.2774348615082281,14,23.2099998,-1.0
458,1.595617673139277,103,177.8899992,1.0
459,0.27973288240664146,43,66.7700001,1.0
460,-0.2437287404808579,25,32.67999995,-1.0
461,4.031890473718803,233,420.5799983,1.0
462,0.5507534998307577,52,87.55000067,-1.0
463,2.044597784991623,125,232.3700008,1.0
464,1.1645329473038342,84,150.1400012,-1.0
465,0.6126631584774063,55,96.48000073,-1.0
466,0.9785449886468313,56,95.5100013,1.0
467,0.44898608129725687,43,72.3100003,1.0
468,-0.4071532295789391,5,9.209999919,1.0
469,2.7292233935085686,147,254.2500038,1.0
470,-0.4390240903644472,6,11.17000031,-1.0
471,-0.17790236790340608,18,34.23000026,1.0
472,-0.29108740720988535,15,25.26000011,1.0
473,-0.5474419292865773,1,1.289999962,-1.0
474,0.6260503268270172,63,113.9900012,1.0
475,0.8780596944286384,64,121.0999982,1.0
476,0.6580362910423284,53,98.70000017,1.0
477,-0.4848544393310877,5,8.800000072,1.0
478,-0.42460099114660743,6,9.929999948,1.0
479,0.13469936353711587,33,53.38999939,1.0
480,-0.5300293382113489,2,3.769999981,1.0
481,-0.517134556755896,2,3.190000057,-1.0
482,-0.2761879076853601,15,24.17999995,1.0
483,0.3380071910620056,43,76.89999968,1.0
484,-0.38902443938493525,7,14.5200001,1.0
485,-0.17078833647806946,21,36.17000055,-1.0
486,-0.23414318263224704,26,38.44000077,1.0
487,0.01943287054169543,41,61.92999995,1.0
488,0.14922477691478073,43,70.4100008,1.0
489,-0.18508993763111697,24,37.5999999,-1.0
490,-0.3938076263567571,12,20.59000027,-1.0
491,-0.32216853057424366,14,24.78000021,1.0
492,-0.17745154613667688,16,29.53999937,1.0
493,-0.10959807426769093,22,37.84999979,1.0
494,-0.5043548787302463,2,2.290000021,-1.0
495,-0.3404635812779633,15,24.1900003,1.0
496,-0.47368940664017734,5,8.519999981,-1.0
497,1.3903818631651836,91,163.36,1.0
498,0.2038829194838277,36,58.14000005,1.0
499,-0.17615663255139088,18,29.30999982,1.0
500,0.8859155035127068,69,116.3399996,1.0
501,0.08004441828556344,35,60.89999914,1.0
502,-0.07530044950383208,26,40.02000093,1.0
503,2.975592693049833,147,260.0699984,1.0
504,4.721507094844715,205,359.4700001,1.0
505,0.8585304791720288,54,105.7099996,1.0
506,-0.355359883484994,6,10.66000009,1.0
507,1.3030183599445555,82,143.3000009,1.0
508,0.41101154141468477,35,65.02999854,-1.0
509,0.565042311713827,71,117.5599997,1.0
510,0.8065261101234446,81,143.4300001,1.0
511,-0.4609544910594512,5,9.659999847,1.0
512,0.6787996708518278,75,124.7999995,1.0
513,0.3771167786551371,59,98.55000019,-1.0
514,-0.14751186511786696,23,40.77000022,-1.0
515,0.8097330195704615,80,134.8799999,1.0
516,-0.35467565754116387,11,19.3599999,1.0
517,-0.10597871086387922,28,43.01000035,-1.0
518,-0.01891895280523165,31,42.62999976,-1.0
519,0.21241975719423165,51,75.78999984,-1.0
520,-0.48688473594011633,5,7.710000038,1.0
521,-0.4322201987360803,8,14.03999984,-1.0
522,-0.24527943946570657,24,39.85999966,-1.0
523,-0.1571421854114013,21,36.77999961,-1.0
524,0.07383522771117974,30,54.86999953,-1.0
525,0.24775970746130835,63,87.7899996,1.0
526,-0.49727921511484413,5,6.730000019,-1.0
527,0.2118506346802047,49,76.83999932,-1.0
528,-0.4171448467493557,9,15.53999972,-1.0
529,-0.35109466194728656,11,17.67000008,1.0
530,0.07225895018637482,30,49.60000014,1.0
531,0.08748457609534245,31,53.26999903,-1.0
532,1.0854153259016073,85,126.9299996,1.0
533,1.7726275642716303,120,179.620001,1.0
534,-0.044459124951563754,25,38.42000043,-1.0
535,0.00684503156571778,38,58.5999999,1.0
536,-0.20336900174736391,25,39.72999978,1.0
537,-0.348309798409548,14,19.11000001,1.0
538,-0.41597782586385107,9,15.81000018,1.0
539,0.6845836181994386,85,140.9700022,1.0
540,0.0698289888905295,36,60.76000023,1.0
541,-0.40838739413182895,8,13.51000011,-1.0
542,0.030441234675373626,32,55.10000002,-1.0
543,-0.431235424947764,8,12.63000011,1.0
544,0.3006497334558784,49,81.36000025,1.0
545,-0.3935006838772819,11,16.47000003,1.0
546,-0.24761028391922135,19,31.02999997,-1.0
547,0.005460593090584855,40,60.72999966,1.0
548,0.08237526273907822,44,74.83000135,1.0
549,-0.49289249551234443,5,7.480000019,-1.0
550,-0.18588287236976123,23,36.4800005,1.0
551,0.17745709039150986,48,68.06000054,-1.0
552,-0.4910380513655151,5,7.879999995,1.0
553,-0.5657945317051984,1,1.460000038,-1.0
554,0.8866285053139876,77,123.5500004,1.0
555,0.9328105592050268,75,135.7500012,1.0
556,0.7740061938865462,66,116.8800001,1.0
557,3.1679113403460115,221,365.6600009,1.0
558,0.7666139958391852,72,128.2799988,1.0
559,-0.4236290066282693,7,10.77999985,1.0
560,1.0237294794795762,89,133.6999986,1.0
561,0.20535688284880754,42,64.87999952,-1.0
562,6.7127548653126325,353,603.380002,1.0
563,2.329945582108743,125,220.559999,1.0
564,-0.08714011618608894,20,33.89999998,1.0
565,3.3322182890725838,190,318.9700032,1.0
566,2.4029467351439275,134,248.6400001,1.0
567,-0.10282615581426938,26,40.93000007,1.0
568,0.6120908386458848,70,109.2500008,-1.0
569,0.9016974626657231,84,134.1199975,1.0
570,0.3935605825295219,60,103.3899996,1.0
571,0.4492066962043797,65,116.5599996,-1.0
572,0.4738835926271878,72,120.2999994,1.0
573,-0.3768778302232032,15,25.45999968,-1.0
574,-0.1905829290867252,20,35.67999983,-1.0
575,0.7323963040126897,80,131.7800006,1.0
576,-0.25278354362537625,20,29.91000021,1.0
577,-0.07154360144775544,28,46.7900002,1.0
578,-0.5405708939908251,2,3.189999938,-1.0
579,-0.3881323878039604,10,16.67999983,-1.0
580,-0.4057208313413882,7,11.11000013,-1.0
581,0.6229809020322652,81,127.5699993,-1.0
582,-0.45159274543545763,8,11.00999999,-1.0
583,-0.5364655383278444,2,3.599999905,-1.0
584,-0.2313647137294976,18,33.65999997,-1.0
585,-0.2782757560092904,21,33.3499999,-1.0
586,0.5385333523666513,81,128.6099997,1.0
587,-0.2727348047912641,23,33.93000031,1.0
588,-0.20328906881000058,24,36.4400003,1.0
589,-0.5200569049458994,4,5.769999981,-1.0
590,1.0585322804075712,105,181.7200011,-1.0
591,-0.13309835785251078,25,41.42000008,1.0
592,-0.021684632438002966,35,58.67999971,-1.0
593,0.22956377359991925,46,80.33999979,-1.0
594,0.2742271016810551,62,104.4599996,-1.0
595,0.2764556319747448,57,87.7300005,-1.0
596,1.8837695176991027,172,253.990002,1.0
597,-0.2125612895441472,26,39.44000006,-1.0
598,-0.15131667293636158,24,39.04999948,-1.0
599,-0.40419890821399035,11,16.93999958,1.0
600,1.2032844353375778,86,142.7099985,1.0
601,-0.057798333538756734,18,27.29999983,-1.0
602,-0.2390606569388393,17,29.3799994,1.0
603,2.684377818330244,168,277.5799986,1.0
604,3.8533810406815134,258,422.8400038,1.0
605,-0.12527452194338776,22,38.50000083,-1.0
606,-0.3834802908494145,9,17.3299998,1.0
607,-0.2169384171941633,19,32.30999994,1.0
608,-0.12380695321339696,24,41.96999943,-1.0
609,2.3857036018959095,197,352.4499989,1.0
610,1.6997798824761832,147,264.5899997,1.0
611,0.7895003944650547,82,158.5999998,1.0
612,-0.5028649287777939,3,4.769999981,-1.0
613,-0.5203926232828254,3,4.820000052,1.0
614,-0.1926451988706992,25,37.25999999,1.0
615,-0.15274587385641797,28,39.5200007,-1.0
616,-0.37697374974803916,12,19.47999978,-1.0
617,-0.4374446155221477,10,16.38,1.0
618,-0.35400102354981733,16,22.67000031,1.0
619,-0.43414818118528387,10,15.99000025,-1.0
620,-0.4194756912028705,11,17.04999995,-1.0
621,0.4198393350170912,46,64.40999997,1.0
622,0.08403786783623554,30,44.21999955,1.0
623,-0.014282842438158349,27,38.18000007,1.0
624,2.9755479306049093,177,268.050002,1.0
625,0.4687678846359345,52,77.59000027,1.0
626,0.2851939006873044,30,46.77999997,1.0
627,1.7709905377144293,101,153.1199975,1.0
628,0.452547892986167,35,55.99000025,1.0
629,-0.02646462209233027,20,31.5400002,1.0
630,1.6593434081228204,98,147.339999,1.0
631,1.610299755074174,91,159.5700021,1.0
632,1.0521728159109445,69,117.6299995,1.0
633,1.8482441230173432,101,171.9799976,1.0
634,-0.31621512539942265,11,18.10000038,1.0
635,-0.5223270003670181,3,4.300000191,-1.0
636,-0.43235128875335616,7,11.57000005,-1.0
637,-0.31873780890260944,16,24.48000002,-1.0
638,1.2112489532164603,113,169.6699982,1.0
639,0.21430297719851177,43,62.14000034,1.0
640,0.423321213768638,51,76.68000025,1.0
641,1.547104774794723,130,195.1499978,1.0
642,-0.08827516389664826,25,38.36000013,1.0
643,-0.26545131553871726,15,24.56999969,1.0
644,0.2713143454435353,45,74.41000032,1.0
645,-0.21409280462402863,20,33.46999907,1.0
646,-0.5128245727732651,3,4.220000029,1.0
647,1.3052596795082234,111,147.6700006,-1.0
648,-0.0034119629567450865,39,62.14000058,-1.0
649,-0.5172400682332156,3,4.560000062,1.0
650,-0.15911493030552834,23,35.05999982,1.0
651,-0.25317681367720385,19,29.31000018,-1.0
652,1.2849535161004422,119,169.9199973,-1.0
653,0.012238906178995477,26,41.63,1.0
654,0.5959092148060516,49,75.70000076,1.0
655,2.394515408910843,170,256.4699982,1.0
656,6.511483729031761,421,612.3000032,1.0
657,0.1719033499035055,36,51.84000087,-1.0
658,0.23420947591947616,37,54.7900002,-1.0
659,1.343045577658618,127,179.050001,1.0
660,-0.3308012878094836,13,17.74000001,-1.0
661,3.2061960200255535,268,375.7199963,1.0
662,-0.5603654865994809,1,1.570000052,-1.0
663,4.85517095270368,295,429.4799981,1.0
664,0.7394879542155646,63,95.8500005,1.0
665,-0.5006268065316205,3,3.819999933,-1.0
666,2.5695941202764985,153,226.5399992,1.0
667,0.002352800485898476,34,50.72000062,1.0
668,0.06896251584951098,33,54.57000089,-1.0
669,-0.27137594485608746,16,25.22000039,1.0
670,-0.4405811839842849,7,9.970000267,1.0
671,-0.5525640319128197,1,1.730000019,1.0
672,1.0391085766282813,77,123.0900019,1.0
673,-0.029671531539347182,24,37.83000016,-1.0
674,-0.11805817635822607,20,33.03999937,1.0
675,0.6509957979193661,60,105.0199997,1.0
676,-0.47126264266182655,4,5.929999948,-1.0
677,-0.5174510911878548,2,3.75,-1.0
678,3.5472858503423668,212,343.2599944,1.0
679,-0.3041452518575594,12,19.1899997,1.0
680,0.164034751549459,38,61.02999771,1.0
681,0.21617660525030827,35,56.16999996,1.0
682,-0.0928089601038965,23,39.23000026,-1.0
683,0.7188812429632974,60,99.1799984,1.0
684,-0.29605923591388467,11,16.17999971,-1.0
685,-0.3328155978310396,16,23.97000039,1.0
686,-0.5399058519519623,2,2.620000005,1.0
687,-0.5357237606691126,2,2.779999971,1.0
688,-0.131678748884938,28,42.37000036,1.0
689,-0.3334071015675283,15,22.04999971,-1.0
690,-0.45575565281334,7,10.31999981,-1.0
691,-0.4525263621438614,7,9.809999943,-1.0
692,0.1122605893604811,43,63.45000076,-1.0
693,-0.46380330094708033,6,10.54999995,1.0
694,-0.18923685842152668,25,38.94000041,-1.0
695,-0.18821691414077055,28,38.02999961,1.0
696,2.6812540391380852,229,314.2999983,1.0
697,1.1979800856141471,124,173.76,-1.0
698,-0.17242856035276505,25,37.32000124,1.0
699,-0.5181832768941029,2,2.629999995,1.0
700,2.6660156239591393,172,263.8100007,1.0
701,1.5839858320941649,114,177.1099993,1.0
702,3.392305476747348,222,343.4199994,1.0
703,-0.1289354504746284,23,33.22999942,1.0
704,2.298765341902054,161,234.6599982,1.0
705,3.190436442094999,194,297.8299981,1.0
706,-0.2835225540178195,20,31.00999963,1.0
707,0.1662696764781378,56,84.65999889,1.0
708,0.4282003202652958,77,115.8800026,-1.0
709,0.18334015458145117,57,84.51000023,1.0
710,-0.4718797249382715,8,13.05999959,-1.0
711,-0.3461548064182326,15,23.64999962,-1.0
712,0.44417411846798427,63,89.35000026,-1.0
713,-0.3851333039940882,12,17.30000019,-1.0
714,-0.29968499395268544,16,23.33999968,-1.0
715,-0.2462226481265939,27,40.9600004,-1.0
716,-0.21674977546198582,35,50.11000001,1.0
717,0.11140690558944069,47,66.79000068,1.0
718,-0.5703730903573702,1,1.639999986,-1.0
719,-0.21229271487460638,26,36.2299993,-1.0
720,-0.014816794459745411,40,62.86999989,1.0
721,0.13026148685470365,52,71.58000052,1.0
722,2.7631693133480284,230,350.5099957,1.0
723,1.7077731762125166,162,213.6899986,1.0
724,-0.46559699606151356,8,10.96000016,-1.0
725,-0.12186937881170978,25,37.39999962,1.0
726,1.6642928556043581,135,210.8200028,1.0
727,-0.15070918261240027,26,42.41000032,1.0
728,-0.26004784897295596,22,33.19999933,-1.0
729,0.11397115422005641,50,72.91000104,-1.0
730,2.5228749170463773,210,293.8800011,1.0
731,1.2546845113796954,125,167.0499997,1.0
732,0.8404336621529703,81,123.800001,1.0
733,0.4202070265289625,56,85.70000196,-1.0
734,0.03272411936647041,43,65.17999971,1.0
735,-0.09091295082963825,37,46.43000007,1.0
736,0.11512538583558293,55,68.55999959,1.0
737,-0.5306016580428703,5,8.189999938,-1.0
738,-0.18581572870237603,33,48.54999948,-1.0
739,0.23091623890010685,61,82.27999902,-1.0
740,0.05933219555597664,48,71.53000104,-1.0
741,1.358440661394796,138,191.419996,1.0
742,2.432918389337683,233,321.8700004,1.0
743,0.1480705452992542,49,65.03000033,-1.0
744,1.266114921422652,142,194.8099988,1.0
745,0.2503687185368475,51,78.45999932,1.0
746,0.11363543588313042,39,53.62999868,1.0
747,1.9519682998574983,170,243.7699978,1.0
748,2.3622512780735074,182,262.8899981,1.0
749,-0.5260294940256877,3,4.050000191,1.0
750,-0.4487151596903777,11,16.40999985,1.0
751,0.011973528826949213,42,66.38999987,-1.0
752,-0.515887602933028,7,9.609999895,-1.0
753,-0.38689502593357605,17,22.12000012,-1.0
754,0.027138405703520715,51,78.06000042,-1.0
755,-0.25332708759944694,27,40.87999928,1.0
756,0.035297959949569725,63,88.21000016,1.0
757,-0.15531971443951728,35,48.93999863,-1.0
758,0.26663027531404393,69,95.84999895,-1.0
759,0.37484988055151297,77,106.9299998,1.0
760,1.583675692297195,183,254.419997,1.0
761,0.4528452435131586,83,117.3400005,1.0
762,2.866481036231389,276,390.2599992,-1.0
763,2.325079264882063,245,340.4099993,1.0
764,-0.2722392205796115,24,33.47000039,1.0
765,-0.018157991241532723,46,66.27999985,1.0
766,-0.17045901277613254,35,48.18000007,1.0
767,0.9682784021718849,113,156.1199993,1.0
768,2.031226603229485,194,288.3300035,-1.0
769,-0.29912866070863664,29,40.37000024,1.0
770,-0.44603580762995876,13,19.27999985,-1.0
771,-0.3020478115811455,24,34.03000015,-1.0
772,-0.3362974765825864,21,29.67000008,-1.0
773,-0.14610184810277776,32,47.78999913,-1.0
774,0.4245042212416153,79,111.6500003,-1.0
775,-0.36446584370942486,19,24.33000016,-1.0
776,1.3130963046873245,135,188.5100002,1.0
777,-0.28124926127920635,21,33.14000034,1.0
778,-0.04337843163841149,41,59.85000026,-1.0
779,-0.41855806108193944,13,21.10999966,1.0
780,-0.21831646103430716,28,38.35000062,1.0
781,-0.3590847583661253,22,30.84000027,1.0
782,-0.4437976853837854,12,14.58999991,1.0
783,-0.4665881644848189,12,15.91999972,-1.0
784,-0.38596460654266684,17,24.22000015,-1.0
785,1.721150752609644,179,238.4000007,1.0
786,0.6268144857082106,97,132.7300007,1.0
787,1.155887400798616,137,201.6000042,1.0
788,3.7459511728651944,346,465.0799981,1.0
789,1.520378397857919,163,234.9399992,-1.0
790,1.1920298777568206,139,195.0799994,-1.0
791,0.4285200520147492,68,104.6899989,-1.0
792,2.300210529409583,202,295.5499957,-1.0
793,1.6388869707927964,164,226.0300014,-1.0
794,2.121755450769701,198,287.690003,1.0
795,2.649706107419525,247,315.9000051,1.0
796,2.249513863216263,227,332.9899989,-1.0
797,1.9346484309896113,194,282.490001,1.0
798,0.418429318002002,76,115.6600008,-1.0
799,1.5937952021673931,164,247.3200026,1.0
800,-0.49223065079097605,7,11.20000017,1.0
801,-0.35153589176153216,19,25.45999998,-1.0
802,1.7020947403422253,206,299.5299983,1.0
803,0.5811056348063625,107,140.4200011,1.0
804,0.23728209803172268,73,100.8800011,1.0
805,-0.4659582929383958,10,13.35000038,-1.0
806,-0.010996000053778104,53,73.74999964,1.0
807,0.1113589458270227,55,76.75999916,-1.0
808,0.8000035824345966,109,145.8199974,1.0
809,0.31255654380552045,90,125.2700011,1.0
810,-0.3250045511918947,32,38.62999976,1.0
811,-0.5517455186342191,5,7.139999986,-1.0
812,0.36419002402473893,84,116.9899981,-1.0
813,0.8414983688786499,129,175.9700005,1.0
814,0.307476006306707,71,105.6600007,-1.0
815,1.5441088883023453,186,259.1799988,1.0
816,-0.2496373832107555,28,46.92000186,-1.0
817,1.1175131962292273,146,187.7399978,-1.0
818,2.776182395550779,265,380.6599952,1.0
819,3.9700735372794957,367,541.7000023,-1.0
820,2.881725846045324,272,409.5600026,1.0
821,0.32543853599099515,78,102.3900002,-1.0
822,0.049554798657693765,53,67.13000107,1.0
823,-0.36292793399455436,16,22.86000025,-1.0
824,0.5173575186003573,96,134.889999,-1.0
825,2.9135039846234903,266,369.069997,1.0
826,1.087698210592704,138,198.0899972,1.0
827,0.2482840675304118,66,91.00000054,1.0
828,2.1364727031970374,227,297.9100007,1.0
829,-0.23393215967760786,34,50.29000044,-1.0
830,-0.5239544349717355,6,9.419999838,-1.0
831,-0.4315679459671955,13,20.51999998,-1.0
832,-0.263411426977205,28,38.13999993,1.0
833,0.6563001476427969,97,142.0500025,1.0
834,2.9556766023763847,282,402.3000026,-1.0
835,0.7706809836922316,117,159.299999,1.0
836,1.1181814355855846,136,193.6599991,1.0
837,-0.02186368221769683,43,66.83999872,-1.0
838,0.9372931983323625,131,178.6700007,-1.0
839,0.5484322473297265,91,130.3600011,-1.0
840,0.5114296919654925,88,114.8599998,-1.0
841,-0.4901076319746059,2,3.199999928,-1.0
842,-0.36610606758412045,5,7.529999852,1.0
843,-0.4381384334184614,2,2.690000057,1.0
844,0.009684249500863362,18,27.32999969,1.0
845,0.4021965370822564,37,53.78999972,-1.0
846,0.9912575230050957,42,61.00999904,1.0
847,0.39728545741065324,34,46.66999936,1.0
848,-0.2817672267133207,9,12.10999984,-1.0
849,-0.43364620233864215,2,3.199999928,1.0
850,0.2878540688427561,22,32.09000015,1.0
851,-0.48982307071759246,2,2.960000038,1.0
852,-0.18503878055120443,16,23.69999957,-1.0
853,-0.30263292068264513,12,16.94000018,1.0
854,0.08041210979743477,33,46.64999926,1.0
855,-0.2364612378157837,9,12.67999995,-1.0
856,-0.13239494800371346,14,19.82000005,1.0
857,-0.25655318095143104,14,21.26000023,-1.0
858,0.15063479392986992,30,40.73000062,-1.0
859,-0.10009564667393792,17,25.01000023,-1.0
860,-0.28517556716249326,8,11.5199995,1.0
861,-0.4005955313976513,5,7.700000048,-1.0
862,-0.35179807179608386,9,12.14999962,1.0
863,-0.37764518642189115,10,14.96000034,-1.0
864,-0.5409002176927621,1,1.49000001,1.0
865,-0.15619897675051395,19,28.47000003,-1.0
866,-0.380551548024422,10,15.14999998,-1.0
867,0.5162000896673362,41,60.22999907,1.0
868,-0.12944702127375374,18,28.71999955,1.0
869,0.0016110228271667474,24,34.86999965,1.0
870,-0.3663330771262323,9,13.50000036,1.0
871,-0.3055105064277251,10,13.55999994,-1.0
872,-0.3211357970235094,6,9.259999871,1.0
873,-0.2728019484586493,12,17.94000006,-1.0
874,-0.167818028525648,18,25.75000024,1.0
875,-0.19529897239116184,20,30.08000076,-1.0
876,-0.4358779299498264,5,7.26000011,1.0
877,-0.2077077615874456,13,18.41999996,1.0
878,0.2569807711155424,34,50.5,1.0
879,0.5717023240549399,57,82.13999915,1.0
880,0.006477340053846449,25,36.60000038,1.0
881,-0.2503695689170036,13,19.58000016,-1.0
882,-0.15413350964904543,9,13.65000045,-1.0
883,-0.11470099298896609,21,30.26000011,-1.0
884,1.0793308307095104,81,113.6800029,1.0
885,-0.26293502667051954,9,11.42999983,1.0
886,0.8498049997294475,68,99.52000237,1.0
887,0.8191107517819277,76,110.7800021,1.0
888,1.3112162820005389,86,120.8799992,-1.0
889,-0.040990035469995106,26,35.54000032,1.0
890,1.899957536173925,86,119.6400018,1.0
891,-0.17459953893155317,8,11.18999994,-1.0
892,1.3953249160117323,100,138.9200006,1.0
893,-0.28044353727058396,10,14.48000044,1.0
894,1.531786426678414,117,163.8000002,1.0
895,1.6386247907582445,80,111.9899995,1.0
896,-0.3636952901932423,11,15.04999995,-1.0
897,2.5231690702558747,167,237.3199975,1.0
898,0.18824164230057072,33,47.87999952,1.0
899,0.9548368794248668,114,164.6400015,-1.0
900,2.172970082397135,139,200.8299961,1.0
901,1.010281562097569,72,105.2199969,1.0
902,0.9222722007430451,88,127.3200028,1.0
903,0.5456825542844279,47,68.67000008,1.0
904,-0.27791765644990263,14,20.05000019,-1.0
905,-0.3362399248676848,6,9.409999967,1.0
906,0.8135889844688686,53,77.59999979,1.0
907,-0.30778060184884376,11,16.73000002,1.0
908,2.0702978230126816,166,246.7499975,1.0
909,1.6302478189225673,152,223.1899948,1.0
910,0.4559402468478668,48,67.60999918,-1.0
911,2.9670430660694507,224,319.0000019,-1.0
912,0.2576522077893944,58,82.92999887,-1.0
913,0.13395758587838416,38,57.0,-1.0
914,1.8276118332251197,159,233.110002,1.0
915,2.208716091986018,149,217.7799966,1.0
916,3.742952089055322,223,323.0600071,1.0
917,0.29897433908874294,61,87.99000168,1.0
918,0.745582041360145,75,105.4500008,1.0
919,0.691397101780289,83,120.8999977,-1.0
920,3.040338372314132,211,301.0499992,1.0
921,0.20303563034777636,40,62.31999922,1.0
922,2.2962330664463835,195,279.219995,1.0
923,1.2870413644243726,107,158.0500023,1.0
924,-0.057609691806579266,24,36.01000071,1.0
925,-0.36689260768777565,11,16.34000051,-1.0
926,1.189190659821675,110,162.6399975,1.0
927,2.9781985068078773,235,333.7499943,1.0
928,-0.2546092119147548,23,33.71000051,-1.0
929,2.2094642642797386,160,232.5900005,1.0
930,0.08241363054901261,33,47.69000006,1.0
931,3.0152010621721113,252,358.189997,1.0
932,1.4414046557429463,120,173.8800035,-1.0
933,-0.11254919831514518,28,40.28999949,-1.0
934,1.9296478264281611,135,198.7100005,1.0
935,1.0436967272329367,114,165.6099987,1.0
