idx,interest1,interest2,interest3,impressions,im_std,clicks,spent,total_conversion,approved_conversion
0,15,17,17,7350.0,-0.5735416319944527,1,1.429999948,2.0,1.0
1,16,19,21,17861.0,-0.539934627809413,2,1.820000023,2.0,0.0
2,20,25,22,693.0,-0.594826174555561,0,0.0,1.0,0.0
3,28,32,32,4259.0,-0.5834245403700552,1,1.25,1.0,0.0
4,28,33,32,4133.0,-0.5838274023743664,1,1.289999962,1.0,1.0
5,29,30,30,1915.0,-0.5909190525772412,0,0.0,1.0,1.0
6,15,16,17,15615.0,-0.5471158029021349,3,4.769999981,1.0,0.0
7,16,20,18,10951.0,-0.5620280916966383,1,1.269999981,1.0,1.0
8,27,31,31,2355.0,-0.5895122328796466,1,1.5,1.0,0.0
9,28,32,31,9502.0,-0.5666610047462171,3,3.159999967,1.0,0.0
10,31,37,34,1224.0,-0.5931283989659638,0,0.0,1.0,0.0
11,7,8,8,735.0,-0.5946918872207906,0,0.0,1.0,0.0
12,16,20,22,5117.0,-0.5806812419597456,0,0.0,1.0,0.0
13,16,19,21,5120.0,-0.580671650007262,0,0.0,1.0,0.0
14,20,26,23,14669.0,-0.5501404652519634,7,10.28000021,1.0,1.0
15,28,30,32,1241.0,-0.5930740445685567,0,0.0,1.0,1.0
16,30,34,31,2305.0,-0.5896720987543732,1,0.569999993,1.0,0.0
17,31,34,33,1024.0,-0.5937678624648705,0,0.0,1.0,1.0
18,15,16,17,4627.0,-0.5822479275320669,1,1.690000057,1.0,0.0
19,16,20,22,21026.0,-0.5298151179392151,4,4.630000114,2.0,1.0
20,15,21,20,1422.0,-0.5924953301020461,0,0.0,1.0,1.0
21,15,17,19,7132.0,-0.574238647208261,2,2.609999895,1.0,0.0
22,16,22,22,12190.0,-0.5580666153209115,2,3.049999952,1.0,0.0
23,16,22,20,12193.0,-0.5580570233684279,2,3.059999943,1.0,1.0
24,16,19,18,3332.0,-0.5863884536874876,0,0.0,1.0,1.0
25,7,12,10,559.0,-0.5952546150998285,0,0.0,1.0,0.0
26,29,33,32,7440.0,-0.5732538734199447,2,2.980000019,1.0,1.0
27,16,19,20,19113.0,-0.5359315863062574,4,5.5200001,1.0,0.0
28,16,21,21,10976.0,-0.561948158759275,2,1.690000057,1.0,1.0
29,16,19,20,2861.0,-0.5878943902274127,0,0.0,1.0,0.0
30,15,18,20,1398.0,-0.592572065721915,0,0.0,1.0,1.0
31,16,18,20,23817.0,-0.5208914048119726,7,8.470000148,1.0,1.0
32,16,22,17,47224.0,-0.4460517942174314,12,15.82000017,1.0,0.0
33,24,26,27,2283.0,-0.589742439739253,1,1.470000029,1.0,0.0
34,21,26,24,2182.0,-0.5900653688062009,1,1.529999971,1.0,1.0
35,16,19,19,2654.0,-0.5885562349487812,0,0.0,1.0,1.0
36,16,21,20,57665.0,-0.4126686022570091,14,18.06999969,1.0,1.0
37,32,37,38,3091.0,-0.5871590072036701,1,1.610000014,1.0,1.0
38,15,19,16,5014.0,-0.5810105656616825,1,1.190000057,1.0,0.0
39,16,19,20,38726.0,-0.47322259828597546,7,9.220000267,1.0,0.0
40,18,24,22,1473.0,-0.592332266909825,0,0.0,1.0,0.0
41,27,33,32,1186.0,-0.593249897030756,0,0.0,1.0,0.0
42,15,19,17,5369.0,-0.5798755179511232,1,1.50999999,1.0,0.0
43,29,33,31,22221.0,-0.5259943235332478,7,9.430000067,1.0,1.0
44,63,64,68,1185.0,-0.5932530943482506,0,0.0,1.0,0.0
45,65,70,68,13019.0,-0.5554160391179433,5,6.960000038,1.0,0.0
46,25,29,26,2508.0,-0.589023043302983,1,1.220000029,1.0,0.0
47,27,31,29,5864.0,-0.5782928457913292,2,2.799999952,1.0,1.0
48,20,26,23,2783.0,-0.5881437809919864,1,1.600000024,1.0,0.0
49,15,18,20,3812.0,-0.5848537412901116,1,1.129999995,2.0,1.0
50,10,16,11,11199.0,-0.561235156957994,4,5.730000019,1.0,1.0
51,19,25,23,292.0,-0.5961082988708688,0,0.0,1.0,0.0
52,63,67,65,17572.0,-0.5408586525653332,7,9.379999995,1.0,0.0
53,10,13,11,1448.0,-0.5924121998471883,0,0.0,1.0,1.0
54,10,16,14,1772.0,-0.5913762689789596,0,0.0,1.0,1.0
55,10,16,13,13329.0,-0.554424870694638,4,5.629999995,1.0,1.0
56,15,19,17,13659.0,-0.553369755921442,3,3.840000033,1.0,0.0
57,21,23,24,739.0,-0.5946790979508124,0,0.0,1.0,1.0
58,25,30,27,605.0,-0.5951075384950799,0,0.0,1.0,0.0
59,26,32,29,1030.0,-0.5937486785599032,0,0.0,1.0,0.0
60,29,32,35,5374.0,-0.5798595313636505,1,1.039999962,4.0,0.0
61,36,38,38,790.0,-0.5945160347585913,0,0.0,1.0,1.0
62,36,38,38,962.0,-0.5939660961495316,0,0.0,1.0,0.0
63,10,11,16,4423.0,-0.5829001803009517,1,1.460000038,1.0,1.0
64,16,19,19,12382.0,-0.5574527303619611,2,2.839999914,1.0,1.0
65,20,25,24,2938.0,-0.5876481967803336,1,1.350000024,1.0,1.0
66,23,24,27,239.0,-0.596277756698079,0,0.0,1.0,0.0
67,26,27,28,591.0,-0.5951523009400034,0,0.0,1.0,0.0
68,27,29,32,10332.0,-0.5640072312257544,4,5.75,1.0,0.0
69,28,29,31,8259.0,-0.570635270391922,3,3.980000019,1.0,0.0
70,29,35,31,12158.0,-0.5581689294807365,3,4.449999928,1.0,0.0
71,29,33,33,7709.0,-0.5723937950139152,2,1.320000052,2.0,0.0
72,36,37,41,834.0,-0.5943753527888318,0,0.0,1.0,0.0
73,18,22,23,1299.0,-0.5928886001538738,0,0.0,2.0,0.0
74,19,24,20,371.0,-0.5958557107888007,0,0.0,1.0,0.0
75,29,30,35,10466.0,-0.5635787906814869,3,4.090000033,1.0,0.0
76,31,37,33,839.0,-0.5943593662013591,0,0.0,1.0,0.0
77,10,13,13,5576.0,-0.5792136732297548,1,1.529999971,1.0,1.0
78,16,19,17,4010.0,-0.5842206724261939,0,0.0,1.0,0.0
79,16,22,17,39337.0,-0.47126903729681563,7,10.03000009,1.0,1.0
80,18,20,20,1635.0,-0.5918143014757106,0,0.0,1.0,0.0
81,18,19,21,1631.0,-0.5918270907456887,0,0.0,1.0,0.0
82,26,30,29,13479.0,-0.553945273070458,3,4.25,1.0,0.0
83,27,33,32,57022.0,-0.414724477405994,13,20.29000032,3.0,3.0
84,27,28,32,5453.0,-0.5796069432815824,1,1.389999986,1.0,1.0
85,29,32,31,11803.0,-0.5593039771912959,3,4.440000057,1.0,0.0
86,31,32,34,4259.0,-0.5834245403700552,1,1.570000052,1.0,1.0
87,64,70,68,1554.0,-0.5920732841927677,0,0.0,1.0,0.0
88,64,69,67,5323.0,-0.5800225945558717,1,1.289999962,1.0,1.0
89,10,11,12,5024.0,-0.5809785924867372,1,1.409999967,1.0,1.0
90,16,19,22,104648.0,-0.2624490344113505,24,33.33000004,4.0,2.0
91,22,25,27,8504.0,-0.5698519276057613,3,3.340000093,1.0,1.0
92,27,32,32,20277.0,-0.5322099087426205,6,8.050000072,1.0,0.0
93,29,34,30,12403.0,-0.5573855866945758,4,5.210000038,1.0,1.0
94,32,33,34,498.0,-0.5954496514669949,0,0.0,1.0,1.0
95,36,40,40,652.0,-0.5949572645728368,0,0.0,0.0,0.0
96,63,65,69,1357.0,-0.5927031557391909,0,0.0,1.0,1.0
97,64,65,68,1393.0,-0.5925880523093876,0,0.0,1.0,0.0
98,7,10,12,648.0,-0.594970053842815,0,0.0,1.0,0.0
99,21,26,25,708.0,-0.594778214793143,0,0.0,1.0,1.0
100,26,27,31,6907.0,-0.574958043644531,2,2.349999964,1.0,0.0
101,27,28,30,39035.0,-0.4722346271801647,13,19.32999957,1.0,0.0
102,28,30,31,926.0,-0.5940811995793347,0,0.0,1.0,0.0
103,63,66,67,4412.0,-0.5829353507933915,1,1.450000048,1.0,0.0
104,64,65,66,9965.0,-0.5651806467462481,3,4.050000072,1.0,0.0
105,10,16,11,73634.0,-0.36161063918680664,23,32.97999978,1.0,0.0
106,15,17,17,69708.0,-0.3741633076703444,20,31.28999949,1.0,0.0
107,19,25,21,530.0,-0.5953473373071699,0,0.0,1.0,0.0
108,20,24,25,14257.0,-0.5514577600597111,6,8.789999962,1.0,0.0
109,27,30,30,20362.0,-0.5319381367555852,5,9.119999886,1.0,1.0
110,27,29,33,12215.0,-0.5579866823835481,4,6.26000011,1.0,0.0
111,29,31,32,85412.0,-0.32395263373619326,28,38.63999999,2.0,1.0
112,2,6,8,2338.0,-0.5895665872770537,1,0.239999995,1.0,0.0
113,15,16,20,2522.0,-0.5889782808580595,0,0.0,1.0,0.0
114,16,17,17,3587.0,-0.5855731377263815,0,0.0,1.0,0.0
115,27,30,28,1273.0,-0.5929717304087316,0,0.0,1.0,0.0
116,28,29,29,3891.0,-0.5846011532080434,1,1.090000033,1.0,0.0
117,29,34,34,1888.0,-0.5910053801495937,0,0.0,1.0,0.0
118,29,32,33,1895.0,-0.5909829989271319,0,0.0,1.0,0.0
119,7,10,11,715.0,-0.5947558335706812,0,0.0,1.0,0.0
120,16,19,18,11199.0,-0.561235156957994,2,2.680000067,1.0,0.0
121,63,64,66,5676.0,-0.5788939414803015,2,3.00999999,1.0,0.0
122,10,11,11,1415.0,-0.5925177113245079,0,0.0,1.0,0.0
123,30,34,33,2148.0,-0.590174077601015,1,1.580000043,1.0,1.0
124,16,22,17,45401.0,-0.4518805040099656,10,14.06000042,1.0,0.0
125,18,23,20,7478.0,-0.5731323753551525,2,2.900000095,1.0,1.0
126,18,19,24,4919.0,-0.5813143108236631,1,1.590000033,1.0,0.0
127,20,21,24,533.0,-0.5953377453546863,0,0.0,1.0,1.0
128,29,33,33,1447.0,-0.5924153971646828,0,0.0,1.0,1.0
129,16,21,22,17553.0,-0.5409194015977293,3,4.590000153,1.0,0.0
130,20,26,24,3343.0,-0.5863532831950476,1,0.540000021,1.0,0.0
131,23,29,28,523.0,-0.5953697185296316,0,0.0,1.0,0.0
132,26,27,31,1873.0,-0.5910533399120117,0,0.0,1.0,0.0
133,27,29,32,34740.0,-0.4859671058191853,7,13.41000009,1.0,1.0
134,32,37,36,658.0,-0.5949380806678696,0,0.0,1.0,0.0
135,64,70,68,1539.0,-0.5921212439551857,0,0.0,1.0,0.0
136,31,36,36,3010.0,-0.5874179899207272,1,0.860000014,1.0,1.0
137,10,16,12,27081.0,-0.5104553605098159,9,10.77000046,1.0,1.0
138,16,22,22,20233.0,-0.53235059071238,4,5.590000153,3.0,0.0
139,16,17,19,147159.0,-0.12652787040124483,36,58.16000044,3.0,1.0
140,18,20,24,21664.0,-0.5277752293777028,7,10.61999977,1.0,1.0
141,19,21,20,9112.0,-0.567907958569085,4,5.460000038,1.0,1.0
142,21,23,24,542.0,-0.5953089694972354,0,0.0,1.0,0.0
143,30,34,33,402.0,-0.5957565939464702,0,0.0,1.0,1.0
144,64,70,66,1338.0,-0.592763904771587,0,0.0,1.0,0.0
145,10,16,12,46150.0,-0.44948571320656017,15,20.17999983,1.0,1.0
146,16,22,20,493821.0,0.9818606068886624,116,176.3799977,4.0,1.0
147,16,17,21,92011.0,-0.3028535355897679,27,34.39000046,2.0,1.0
148,18,23,24,12956.0,-0.555617470120099,4,5.49000001,1.0,1.0
149,19,20,23,529.0,-0.5953505346246645,0,0.0,1.0,0.0
150,24,26,30,944.0,-0.5940236478644331,1,1.419999957,1.0,0.0
151,26,30,27,111090.0,-0.24185191511156687,38,51.97000027,5.0,1.0
152,10,16,14,7208.0,-0.5739956510786764,2,3.190000057,1.0,0.0
153,10,12,11,1746.0,-0.5914593992338174,0,0.0,1.0,0.0
154,15,17,16,2474.0,-0.5891317520977971,0,0.0,2.0,2.0
155,16,22,20,12489.0,-0.557110617390046,2,1.960000038,1.0,0.0
156,16,18,18,8032.0,-0.571361061463181,1,0.600000024,2.0,0.0
157,21,24,24,472.0,-0.5955327817218529,0,0.0,1.0,1.0
158,64,68,65,792.0,-0.5945096401236022,0,0.0,1.0,1.0
159,15,16,18,4607.0,-0.5823118738819576,1,1.149999976,1.0,1.0
160,16,17,21,13355.0,-0.5543417404397801,2,3.180000067,1.0,1.0
161,16,17,19,2936.0,-0.5876545914153227,0,0.0,1.0,0.0
162,22,25,25,2793.0,-0.588111807817041,1,0.980000019,1.0,1.0
163,28,29,30,1032.0,-0.5937422839249141,0,0.0,1.0,0.0
164,29,35,33,1662.0,-0.5917279739033582,0,0.0,1.0,1.0
165,2,7,6,4016.0,-0.5842014885212268,2,1.480000049,1.0,1.0
166,16,20,17,14843.0,-0.5495841320079146,3,2.939999938,1.0,1.0
167,10,14,13,9674.0,-0.5661110661371572,3,4.600000024,1.0,1.0
168,16,21,17,12186.0,-0.5580794045908896,2,2.669999957,1.0,0.0
169,20,22,21,673.0,-0.5948901209054517,0,0.0,1.0,0.0
170,21,27,23,370.0,-0.5958589081062953,0,0.0,1.0,1.0
171,26,30,29,450.0,-0.5956031227067325,0,0.0,1.0,1.0
172,10,12,14,2077.0,-0.5904010871431269,0,0.0,1.0,1.0
173,10,14,13,31393.0,-0.49666852747338824,8,10.96000051,1.0,1.0
174,15,21,18,8410.0,-0.5701524754502474,2,2.359999895,1.0,1.0
175,16,21,20,25884.0,-0.5142825495507722,5,7.350000143,1.0,0.0
176,21,24,23,608.0,-0.5950979465425963,0,0.0,1.0,1.0
177,22,24,24,28488.0,-0.5059567347950076,10,9.340000033,1.0,0.0
178,26,32,32,10126.0,-0.5646658786296282,3,4.619999886,1.0,0.0
179,27,32,33,22572.0,-0.5248720650926666,5,8.5,1.0,0.0
180,27,30,33,1955.0,-0.5907911598774599,0,0.0,1.0,1.0
181,30,36,31,493.0,-0.5954656380544676,0,0.0,1.0,0.0
182,63,69,69,1491.0,-0.5922747151949234,0,0.0,1.0,1.0
183,64,66,66,1495.0,-0.5922619259249452,0,0.0,1.0,1.0
184,21,27,24,512.0,-0.5954048890220714,0,0.0,0.0,0.0
185,25,31,27,4868.0,-0.5814773740158844,2,2.420000076,1.0,0.0
186,26,27,32,6585.0,-0.5759875798777707,2,2.950000048,1.0,0.0
187,27,29,28,10164.0,-0.5645443805648359,2,3.720000029,1.0,1.0
188,29,31,35,11182.0,-0.5612895113554011,4,4.449999809,1.0,0.0
189,63,69,64,1238.0,-0.5930836365210403,0,0.0,1.0,0.0
190,16,19,18,34127.0,-0.4879270614433342,8,13.07000017,1.0,0.0
191,16,22,19,29466.0,-0.5028297582853539,7,10.84999967,2.0,0.0
192,16,18,21,38759.0,-0.4731170868086559,9,10.84999967,1.0,0.0
193,16,17,19,41720.0,-0.46364982970734275,10,12.06000006,1.0,1.0
194,15,16,17,18602.0,-0.5375654155459638,5,8.860000134,1.0,0.0
195,16,17,20,83929.0,-0.3286942555805862,21,27.72999954,4.0,1.0
196,16,18,21,25194.0,-0.5164886986220003,6,7.349999905,1.0,0.0
197,16,22,18,78627.0,-0.3456464329366018,19,26.53000045,1.0,0.0
198,16,18,19,102695.0,-0.268693395478174,25,39.42999983,3.0,0.0
199,27,32,31,82827.0,-0.33221769945956187,24,47.93000031,3.0,0.0
200,27,31,32,9240.0,-0.5674987019297847,3,6.039999962,1.0,0.0
201,29,32,33,7706.0,-0.5724033869663988,2,2.369999886,1.0,0.0
202,31,34,32,7821.0,-0.5720356954545275,4,6.340000153,1.0,1.0
203,64,67,68,1363.0,-0.5926839718342236,0,0.0,1.0,1.0
204,15,16,19,3569.0,-0.5856306894412832,0,0.0,1.0,1.0
205,16,21,20,119063.0,-0.21635970272765276,34,53.21999949,1.0,0.0
206,16,17,18,99078.0,-0.28025809285590103,23,35.79999948,2.0,0.0
207,16,19,20,452398.0,0.849418124312609,114,180.2200012,1.0,0.0
208,10,12,16,191223.0,0.014358727677871065,48,76.41000056,1.0,0.0
209,10,15,14,22216.0,-0.5260103101207205,6,9.549999952,1.0,0.0
210,10,12,11,48291.0,-0.4426402564507644,11,18.01999998,1.0,0.0
211,63,66,67,27559.0,-0.508927042747429,8,13.37,1.0,0.0
212,25,27,27,10194.0,-0.5644484610399999,4,4.590000033,2.0,1.0
213,23,27,29,1168.0,-0.5933074487456577,0,0.0,1.0,1.0
214,21,25,22,40126.0,-0.46874635379362883,16,25.86000001,1.0,0.0
215,19,22,20,3659.0,-0.5853429308667751,1,0.49000001,1.0,1.0
216,10,14,16,3200.0,-0.5868104995967659,0,0.0,1.0,0.0
217,29,30,31,7550.0,-0.572902168495546,1,1.679999948,1.0,1.0
218,28,33,29,45397.0,-0.45189329327994376,15,25.41999936,1.0,1.0
219,16,22,22,23086.0,-0.5232286439004765,2,3.310000062,1.0,1.0
220,16,21,20,16425.0,-0.5445259757315629,1,1.549999952,1.0,0.0
221,16,17,18,43756.0,-0.45714009128847294,5,5.439999938,0.0,0.0
222,16,22,17,9982.0,-0.565126292348841,0,0.0,1.0,0.0
223,26,31,28,175389.0,-0.036267597530569406,55,81.60999787,1.0,0.0
224,15,16,16,7015.0,-0.5746127333551213,0,0.0,1.0,0.0
225,65,68,68,12706.0,-0.5564167994937322,3,4.98999989,1.0,1.0
226,65,71,67,70702.0,-0.3709851740807783,20,31.7099998,1.0,0.0
227,63,64,68,63927.0,-0.3926470001062415,16,25.52000046,2.0,0.0
228,63,69,67,15105.0,-0.5487464348243468,3,4.25999999,1.0,0.0
229,15,16,19,8774.0,-0.5689886518822372,1,1.830000043,1.0,0.0
230,16,18,22,14459.0,-0.5508119019258154,1,1.389999986,1.0,0.0
231,16,17,18,21596.0,-0.5279926469673312,2,2.809999943,1.0,0.0
232,16,21,17,66765.0,-0.38357301305675595,8,11.04999971,1.0,0.0
233,7,9,13,1369.0,-0.5926647879292565,0,0.0,1.0,1.0
234,10,13,14,26910.0,-0.5110021018013811,5,7.229999781,1.0,0.0
235,2,3,6,506.0,-0.5954240729270387,0,0.0,1.0,0.0
236,63,66,68,11988.0,-0.5587124734548072,3,4.269999862,1.0,0.0
237,64,69,65,19353.0,-0.5351642301075693,6,9.4799999,1.0,1.0
238,29,35,33,10960.0,-0.5619993158391874,2,2.890000105,1.0,0.0
239,15,18,18,33491.0,-0.4899605553698574,6,10.56999969,2.0,1.0
240,15,21,20,20083.0,-0.53283018833656,2,3.200000048,2.0,1.0
241,16,19,22,8817.0,-0.5688511672299723,0,0.0,1.0,1.0
242,16,18,22,15466.0,-0.5475922032088203,1,0.970000029,1.0,0.0
243,16,18,22,27072.0,-0.5104841363672667,3,4.370000005,1.0,0.0
244,16,19,22,15753.0,-0.5466745730878892,1,0.569999993,1.0,1.0
245,19,21,24,3523.0,-0.5857777660460317,1,1.809999943,1.0,1.0
246,16,22,17,7745.0,-0.572278691584112,0,0.0,1.0,0.0
247,16,17,21,18709.0,-0.5372233025740488,2,3.319999933,1.0,0.0
248,16,20,20,8022.0,-0.5713930346381263,0,0.0,2.0,1.0
249,10,11,12,7966.0,-0.5715720844178201,1,1.179999948,1.0,1.0
250,10,14,13,4132.0,-0.5838305996918609,0,0.0,1.0,1.0
251,10,14,16,12785.0,-0.5561642114116642,3,4.730000019,2.0,1.0
252,10,16,16,8213.0,-0.5707823469966704,1,1.379999995,1.0,1.0
253,2,4,7,545.0,-0.5952993775447519,0,0.0,1.0,1.0
254,23,26,27,2479.0,-0.5891157655103245,1,1.25999999,1.0,0.0
255,2,4,3,3812.0,-0.5848537412901116,2,3.049999952,1.0,0.0
256,21,23,26,1609.0,-0.5918974317305684,0,0.0,1.0,0.0
257,20,22,26,10257.0,-0.5642470300378444,3,3.579999924,1.0,1.0
258,10,14,16,12356.0,-0.5575358606168189,4,6.279999971,1.0,0.0
259,18,23,20,7410.0,-0.5733497929447807,1,1.210000038,1.0,0.0
260,16,20,19,140098.0,-0.14910412923014454,28,46.63000011,1.0,0.0
261,16,18,20,107021.0,-0.2548617999968229,20,34.44000012,1.0,0.0
262,36,38,40,2797.0,-0.5880990185470629,1,1.289999962,1.0,0.0
263,7,9,12,16461.0,-0.5444108723017597,6,9.21999979,1.0,0.0
264,63,66,69,17488.0,-0.5411272272348739,5,7.719999909,1.0,0.0
265,10,11,15,9750.0,-0.5658680700075728,2,1.5,1.0,1.0
266,36,41,38,1136.0,-0.5934097629054828,0,0.0,1.0,1.0
267,63,67,67,4333.0,-0.5831879388754597,1,0.180000007,1.0,1.0
268,16,21,22,6260.0,-0.577026708063494,0,0.0,1.0,0.0
269,16,19,21,6359.0,-0.5767101736315352,0,0.0,1.0,0.0
270,63,69,65,2383.0,-0.5894227079897997,0,0.0,1.0,1.0
271,27,31,28,11292.0,-0.5609378064310023,3,5.389999866,1.0,1.0
272,64,70,69,12729.0,-0.556343261191358,4,5.779999852,1.0,0.0
273,64,69,70,1898.0,-0.5909734069746483,0,0.0,1.0,1.0
274,64,69,65,1882.0,-0.5910245640545608,0,0.0,1.0,1.0
275,65,66,67,2883.0,-0.587824049242533,1,0.99000001,1.0,1.0
276,7,9,10,3989.0,-0.5842878160935792,1,1.279999971,1.0,0.0
277,29,31,34,19603.0,-0.534364900733936,4,5.279999971,1.0,1.0
278,24,26,27,3047.0,-0.5872996891734296,1,1.379999995,1.0,0.0
279,24,27,30,3029.0,-0.5873572408883312,1,1.049999952,1.0,1.0
280,26,29,28,3490.0,-0.5858832775233512,1,1.340000033,1.0,1.0
281,28,32,32,2479.0,-0.5891157655103245,0,0.0,1.0,0.0
282,19,25,25,19581.0,-0.5344352417188157,7,10.42999983,2.0,0.0
283,29,34,32,19537.0,-0.5345759236885752,5,6.099999905,1.0,0.0
284,16,17,19,59433.0,-0.4070157449266742,12,19.65999949,3.0,0.0
285,16,17,19,157534.0,-0.0933557013954617,33,56.19000077,2.0,0.0
286,7,10,12,1781.0,-0.5913474931215087,0,0.0,1.0,1.0
287,16,19,19,23769.0,-0.5210448760517102,4,6.029999852,1.0,0.0
288,16,18,17,7101.0,-0.5743377640505914,0,0.0,1.0,0.0
289,64,69,68,4726.0,-0.5819313931001081,1,1.830000043,1.0,1.0
290,19,20,20,5209.0,-0.5803870887502485,1,0.959999979,2.0,0.0
291,18,23,24,13473.0,-0.5539644569754252,3,2.619999945,3.0,0.0
292,2,7,7,500.0,-0.5954432568320059,0,0.0,1.0,1.0
293,20,26,23,4616.0,-0.5822830980245067,1,1.360000014,1.0,0.0
294,31,32,33,3279.0,-0.5865579115146978,0,0.0,1.0,0.0
295,31,36,36,3288.0,-0.5865291356572471,0,0.0,1.0,0.0
296,27,29,28,14615.0,-0.5503131203966681,4,6.050000191,1.0,0.0
297,27,28,29,56615.0,-0.4160257856262691,12,19.88000035,2.0,0.0
298,26,32,31,11735.0,-0.5595213947809241,3,4.529999971,1.0,1.0
299,26,30,32,15910.0,-0.5461725942412475,5,6.779999852,1.0,0.0
300,29,33,35,11446.0,-0.5604454195368442,2,3.090000033,1.0,1.0
301,29,35,35,4595.0,-0.582350241691892,0,0.0,1.0,0.0
302,29,34,32,4871.0,-0.5814677820634008,0,0.0,1.0,0.0
303,28,32,30,3199.0,-0.5868136969142604,0,0.0,1.0,0.0
304,28,32,31,9388.0,-0.5670254989405938,2,3.140000105,1.0,0.0
305,28,31,33,17954.0,-0.5396372772824215,6,7.5400002,2.0,1.0
306,29,32,32,2755.0,-0.5882333058818333,0,0.0,1.0,0.0
307,27,31,30,8152.0,-0.570977383363837,1,0.99000001,1.0,0.0
308,27,32,28,74542.0,-0.35870747490177035,19,34.1500001,1.0,0.0
309,20,21,23,6699.0,-0.5756230856833939,2,3.090000033,1.0,0.0
310,20,25,24,11911.0,-0.5589586669018862,4,3.959999919,1.0,0.0
311,29,35,33,10090.0,-0.5647809820594314,2,2.650000095,1.0,1.0
312,32,35,36,1273.0,-0.5929717304087316,0,0.0,1.0,1.0
313,18,24,20,24188.0,-0.5197052000215008,5,8.179999828,1.0,0.0
314,31,35,33,2214.0,-0.5899630546463758,0,0.0,1.0,0.0
315,32,35,38,9735.0,-0.5659160297699908,4,4.130000114,1.0,1.0
316,30,36,36,1371.0,-0.5926583932942674,0,0.0,1.0,1.0
317,22,23,25,10750.0,-0.5626707525130394,4,5.389999866,1.0,0.0
318,29,33,35,7629.0,-0.5726495804134779,1,0.720000029,1.0,1.0
319,29,35,30,4608.0,-0.5823086765644631,0,0.0,1.0,0.0
320,29,31,30,3732.0,-0.5851095266896742,0,0.0,1.0,0.0
321,28,32,32,7453.0,-0.5732123082925158,1,1.679999948,1.0,1.0
322,64,70,67,41785.0,-0.4634420040701981,14,19.10000038,1.0,0.0
323,27,32,30,8077.0,-0.571217182175927,2,3.579999924,1.0,1.0
324,63,65,65,5602.0,-0.579130542974897,1,1.580000043,1.0,0.0
325,26,29,29,6184.0,-0.5772697041930785,2,2.75,1.0,1.0
326,26,28,29,1738.0,-0.5914849777737736,0,0.0,1.0,0.0
327,27,33,28,112460.0,-0.23747159014405622,25,41.29000068,1.0,0.0
328,15,21,21,4414.0,-0.5829289561584025,0,0.0,1.0,0.0
329,30,35,36,14670.0,-0.5501372679344688,7,9.410000324,1.0,0.0
330,64,66,69,33144.0,-0.49107002454046045,9,13.40999985,1.0,0.0
331,64,68,70,4397.0,-0.5829833105558095,1,0.949999988,1.0,0.0
332,65,68,69,1006.0,-0.5938254141797721,0,0.0,1.0,0.0
333,10,13,16,89527.0,-0.3107956722461887,24,32.28999996,1.0,0.0
334,15,18,16,2459.0,-0.5891797118602151,0,0.0,1.0,0.0
335,15,20,18,7116.0,-0.5742898042881734,2,1.730000019,1.0,1.0
336,15,18,17,8613.0,-0.5695034199988571,1,0.889999986,2.0,0.0
337,16,19,18,9730.0,-0.5659320163574634,1,1.379999995,1.0,0.0
338,16,20,20,51816.0,-0.4313697122825344,8,10.2299999,2.0,1.0
339,16,21,20,27289.0,-0.509790318470953,3,4.429999828,1.0,0.0
340,29,32,33,20409.0,-0.5317878628333421,4,3.829999924,1.0,0.0
341,29,32,34,8044.0,-0.5713226936532466,1,1.110000014,1.0,0.0
342,28,32,33,15645.0,-0.5470198833772989,4,5.349999905,1.0,0.0
343,31,37,34,2466.0,-0.5891573306377534,0,0.0,2.0,2.0
344,10,14,13,11611.0,-0.5599178621502463,3,3.950000048,1.0,1.0
345,7,13,9,9375.0,-0.5670670640680228,3,4.019999981,1.0,0.0
346,32,37,34,4402.0,-0.582967323968337,1,1.330000043,1.0,1.0
347,18,23,24,8469.0,-0.5699638337180699,2,3.089999914,1.0,0.0
348,18,22,24,5823.0,-0.5784239358086051,1,1.419999957,1.0,1.0
349,10,13,16,2549.0,-0.5888919532857071,0,0.0,1.0,0.0
350,16,17,21,25817.0,-0.514496769822906,4,6.019999981,1.0,0.0
351,20,24,25,1961.0,-0.5907719759724928,0,0.0,1.0,0.0
352,22,24,25,2554.0,-0.5888759666982345,0,0.0,1.0,0.0
353,25,27,26,4971.0,-0.5811480503139475,1,1.230000019,1.0,1.0
354,23,28,27,1030.0,-0.5937486785599032,0,0.0,1.0,1.0
355,29,32,31,162341.0,-0.07798619619924006,56,77.07999969,3.0,0.0
356,29,35,34,24542.0,-0.518573349628436,7,9.329999924,1.0,0.0
357,65,69,71,2879.0,-0.5878368385125111,0,0.0,1.0,1.0
358,64,65,68,13621.0,-0.5534912539862343,3,4.090000033,1.0,0.0
359,63,65,66,6175.0,-0.5772984800505293,1,1.370000005,2.0,1.0
360,28,34,34,2963.0,-0.5875682638429703,0,0.0,1.0,0.0
361,29,33,35,9076.0,-0.5680230619988882,1,1.379999995,1.0,1.0
362,29,33,34,20941.0,-0.5300868899262504,4,5.909999967,1.0,1.0
363,10,13,13,3462.0,-0.5859728024131983,0,0.0,1.0,0.0
364,26,29,29,4073.0,-0.5840192414240384,0,0.0,1.0,1.0
365,27,33,30,3745.0,-0.5850679615622453,0,0.0,1.0,0.0
366,24,26,28,830.0,-0.5943881420588099,0,0.0,1.0,0.0
367,18,24,22,2912.0,-0.5877313270351915,0,0.0,1.0,0.0
368,18,23,22,17167.0,-0.5421535661506192,5,6.910000086,1.0,0.0
369,22,25,25,24491.0,-0.5187364128206572,7,9.539999962,1.0,0.0
370,22,24,26,44699.0,-0.454125020891128,13,17.30000037,2.0,0.0
371,23,24,25,6469.0,-0.5763584687071366,2,1.309999943,1.0,0.0
372,16,17,17,16053.0,-0.5457153778395293,3,4.079999924,1.0,1.0
373,16,21,21,54724.0,-0.42207191300843155,12,17.92999995,1.0,1.0
374,21,27,26,4706.0,-0.5819953394499988,1,1.220000029,1.0,0.0
375,32,38,36,8316.0,-0.5704530232947336,3,4.569999933,1.0,1.0
376,22,26,25,5794.0,-0.5785166580159465,2,2.269999981,1.0,0.0
377,18,24,22,4813.0,-0.5816532264780837,1,1.029999971,1.0,0.0
378,10,15,11,85285.0,-0.32435869305799897,26,36.13000035,1.0,0.0
379,10,11,13,5839.0,-0.5783727787286925,1,1.370000005,1.0,0.0
380,15,16,21,5859.0,-0.5783088323788018,1,1.539999962,1.0,0.0
381,16,22,19,164118.0,-0.07230456301145437,41,59.06999993,1.0,0.0
382,63,67,69,18234.0,-0.5387420283839521,6,7.810000062,1.0,0.0
383,64,67,70,2755.0,-0.5882333058818333,0,0.0,1.0,0.0
384,27,29,30,73676.0,-0.3614763518520362,20,28.5,1.0,0.0
385,27,30,28,18421.0,-0.5381441300124744,7,10.07999992,1.0,0.0
386,29,35,35,164754.0,-0.07027106908493118,49,67.97999978,2.0,1.0
387,10,13,15,7449.0,-0.5732250975624938,1,1.639999986,1.0,1.0
388,10,14,16,6424.0,-0.5765023479943906,1,0.529999971,1.0,0.0
389,63,65,68,2086.0,-0.590372311285676,0,0.0,1.0,0.0
390,16,17,18,6016.0,-0.5778068535321601,0,0.0,1.0,0.0
391,15,21,20,6412.0,-0.576540715804325,1,1.370000005,1.0,0.0
392,63,68,64,5040.0,-0.5809274354068247,1,1.440000057,1.0,0.0
393,32,37,36,1772.0,-0.5913762689789596,0,0.0,1.0,0.0
394,32,38,34,1783.0,-0.5913410984865196,0,0.0,1.0,0.0
395,20,21,24,8200.0,-0.5708239121240993,3,3.919999957,1.0,0.0
396,26,28,30,115896.0,-0.22648560723283975,38,49.44000006,1.0,0.0
397,16,17,22,10186.0,-0.5644740395799562,1,1.230000019,1.0,1.0
398,20,21,24,9134.0,-0.5678376175842053,3,4.180000067,2.0,0.0
399,20,25,22,3385.0,-0.5862189958602773,1,1.440000057,1.0,1.0
400,21,27,23,1314.0,-0.5928406403914558,0,0.0,1.0,0.0
401,18,21,22,2916.0,-0.5877185377652134,0,0.0,1.0,1.0
402,18,21,21,6142.0,-0.5774039915278489,1,1.330000043,1.0,0.0
403,20,26,21,1984.0,-0.5906984376701184,0,0.0,1.0,0.0
404,24,30,29,9142.0,-0.567812039044249,3,3.749999881,1.0,0.0
405,24,30,28,5475.0,-0.5795366022967027,2,2.730000019,1.0,1.0
406,18,24,20,8254.0,-0.5706512569793946,2,2.320000052,1.0,1.0
407,18,24,20,5704.0,-0.5788044165904546,1,1.320000052,1.0,0.0
408,16,18,21,7301.0,-0.5736983005516848,0,0.0,1.0,0.0
409,16,19,21,37873.0,-0.4759499101088124,5,6.169999957,1.0,1.0
410,16,20,17,25267.0,-0.5162552944448994,4,4.940000057,2.0,1.0
411,30,31,32,535.0,-0.5953313507196972,0,0.0,1.0,0.0
412,29,34,30,3396.0,-0.5861838253678374,0,0.0,1.0,0.0
413,26,27,32,977.0,-0.5939181363871135,0,0.0,1.0,0.0
414,63,64,66,12318.0,-0.5576573586816111,5,6.340000153,1.0,1.0
415,28,34,31,4783.0,-0.5817491460029197,1,0.860000014,1.0,0.0
416,29,31,30,6475.0,-0.5763392848021693,1,1.350000024,1.0,0.0
417,16,18,19,104578.0,-0.2626728466359678,29,39.25000095,1.0,1.0
418,10,12,11,33664.0,-0.4894074194433031,11,12.51000035,1.0,0.0
419,20,25,24,979.0,-0.5939117417521245,0,0.0,1.0,0.0
420,28,29,30,7337.0,-0.5735831971218817,3,4.079999924,1.0,0.0
421,10,13,16,2499.0,-0.5890518191604338,0,0.0,1.0,0.0
422,27,33,30,11244.0,-0.56109127767074,3,4.550000191,1.0,0.0
423,15,17,19,4827.0,-0.5816084640331602,0,0.0,1.0,0.0
424,29,31,35,29035.0,-0.5042078021254979,7,8.910000086,2.0,2.0
425,30,32,32,761.0,-0.5946087569659327,0,0.0,1.0,0.0
426,26,31,32,6532.0,-0.576157037704981,1,1.610000014,1.0,0.0
427,10,16,15,11537.0,-0.5601544636448417,3,4.300000191,1.0,0.0
428,10,13,11,12183.0,-0.5580889965433732,3,2.869999945,1.0,0.0
429,64,70,67,5912.0,-0.5781393745515916,1,1.559999943,1.0,1.0
430,10,12,13,4012.0,-0.5842142777912049,1,1.570000052,1.0,0.0
431,16,22,17,12396.0,-0.5574079679170376,2,3.210000038,2.0,1.0
432,16,20,22,3142.0,-0.5869959440114488,0,0.0,2.0,2.0
433,18,23,23,1120.0,-0.5934609199853952,0,0.0,1.0,0.0
434,20,24,22,343.0,-0.5959452356786477,0,0.0,1.0,1.0
435,15,19,16,1720.0,-0.5915425294886753,0,0.0,1.0,1.0
436,16,22,19,3423.0,-0.586097497795485,0,0.0,1.0,1.0
437,16,20,19,3242.0,-0.5866762122619955,0,0.0,1.0,0.0
438,16,22,19,15720.0,-0.5467800845652089,1,1.379999995,1.0,0.0
439,10,13,15,1217.0,-0.5931507801884255,0,0.0,1.0,1.0
440,20,21,23,2367.0,-0.5894738650697122,2,2.839999914,1.0,1.0
441,16,19,22,6607.0,-0.5759172388928909,1,1.320000052,2.0,0.0
442,64,66,65,616.0,-0.5950723680026401,0,0.0,1.0,0.0
443,16,22,22,5537.0,-0.5793383686120416,1,1.519999981,1.0,0.0
444,15,19,18,818.0,-0.5944265098687443,0,0.0,1.0,0.0
445,21,25,25,1909.0,-0.5909382364822084,1,0.980000019,1.0,0.0
446,21,27,25,351.0,-0.5959196571386913,0,0.0,1.0,0.0
447,22,24,26,572.0,-0.5952130499723995,0,0.0,1.0,0.0
448,36,41,40,1884.0,-0.5910181694195717,1,1.409999967,1.0,0.0
449,30,35,36,219.0,-0.5963417030479697,0,0.0,1.0,0.0
450,32,38,34,540.0,-0.5953153641322245,0,0.0,1.0,1.0
451,32,37,37,550.0,-0.5952833909572792,0,0.0,1.0,0.0
452,26,30,31,465.0,-0.5955551629443145,0,0.0,1.0,0.0
453,29,31,35,1761.0,-0.5914114394713994,0,0.0,1.0,1.0
454,65,67,68,152.0,-0.5965559233201034,0,0.0,1.0,1.0
455,65,70,70,152.0,-0.5965559233201034,0,0.0,1.0,1.0
456,64,67,70,429.0,-0.5956702663741178,0,0.0,1.0,0.0
457,29,32,31,1514.0,-0.5922011768925491,0,0.0,2.0,2.0
458,28,31,30,7780.0,-0.5721667854718033,3,4.329999924,2.0,2.0
459,28,30,33,460.0,-0.5955711495317872,0,0.0,1.0,0.0
460,28,29,32,471.0,-0.5955359790393474,0,0.0,1.0,0.0
461,28,29,32,2633.0,-0.5886233786161663,1,1.070000052,1.0,0.0
462,27,32,30,199.0,-0.5964056493978604,0,0.0,1.0,0.0
463,32,33,38,398.0,-0.5957693832164482,0,0.0,1.0,0.0
464,24,29,25,246.0,-0.5962553754756174,0,0.0,2.0,2.0
465,10,11,15,2967.0,-0.5875554745729922,1,1.5,1.0,1.0
466,36,38,40,255.0,-0.5962265996181666,0,0.0,1.0,0.0
467,7,13,9,457.0,-0.5955807414842709,0,0.0,1.0,1.0
468,10,13,13,5517.0,-0.5794023149619323,1,1.230000019,1.0,0.0
469,10,15,12,1539.0,-0.5921212439551857,0,0.0,1.0,1.0
470,16,22,17,3189.0,-0.5868456700892059,0,0.0,1.0,0.0
471,16,20,21,3348.0,-0.586337296607575,0,0.0,1.0,0.0
472,16,18,17,20050.0,-0.5329356998138797,4,4.659999847,4.0,1.0
473,16,18,19,2254.0,-0.5898351619465945,0,0.0,1.0,0.0
474,16,20,21,5894.0,-0.5781969262664932,1,1.539999962,1.0,1.0
475,16,21,19,9948.0,-0.5652350011436551,2,2.720000029,2.0,0.0
476,26,29,28,5307.0,-0.5800737516357842,3,4.289999962,2.0,1.0
477,22,28,28,4621.0,-0.5822671114370341,2,3.25,1.0,1.0
478,18,21,19,784.0,-0.5945352186635584,0,0.0,1.0,1.0
479,16,22,17,5775.0,-0.5785774070483427,1,1.580000043,1.0,1.0
480,16,20,20,9297.0,-0.5673164548325963,2,2.619999886,2.0,1.0
481,15,16,17,699.0,-0.5948069906505937,0,0.0,1.0,0.0
482,10,12,13,1104.0,-0.5935120770653077,0,0.0,1.0,0.0
483,64,70,69,3717.0,-0.5851574864520922,1,1.539999962,1.0,0.0
484,28,29,33,2879.0,-0.5878368385125111,1,1.590000033,2.0,2.0
485,28,31,32,2749.0,-0.5882524897868004,1,1.389999986,1.0,0.0
486,10,12,15,24028.0,-0.5202167708206261,9,12.39000034,2.0,0.0
487,29,32,31,1118.0,-0.5934673146203843,0,0.0,1.0,1.0
488,26,29,27,1083.0,-0.593579220732693,0,0.0,2.0,1.0
489,27,33,32,843.0,-0.5943465769313809,0,0.0,1.0,0.0
490,25,28,26,2983.0,-0.5875043174930796,1,0.970000029,1.0,0.0
491,25,30,28,696.0,-0.5948165826030773,0,0.0,1.0,0.0
492,16,20,19,7589.0,-0.5727774731132592,2,3.150000095,1.0,1.0
493,16,17,21,20997.0,-0.5299078401465566,10,11.94999981,1.0,0.0
494,16,18,17,4617.0,-0.5822799007070122,1,1.360000014,1.0,0.0
495,20,22,21,259.0,-0.5962138103481884,0,0.0,1.0,0.0
496,18,21,22,1134.0,-0.5934161575404717,0,0.0,1.0,0.0
497,27,32,28,357.0,-0.5959004732337242,0,0.0,1.0,0.0
498,10,15,15,848.0,-0.5943305903439083,0,0.0,1.0,1.0
499,10,15,13,3149.0,-0.5869735627889872,1,1.480000019,1.0,0.0
500,2,4,7,87.0,-0.5967637489572482,0,0.0,1.0,1.0
501,27,28,31,2563.0,-0.5888471908407836,1,1.480000019,1.0,0.0
502,10,15,14,1107.0,-0.5935024851128242,0,0.0,1.0,0.0
503,64,65,65,10677.0,-0.5629041566901404,5,7.269999981,1.0,0.0
504,22,25,26,2189.0,-0.5900429875837391,1,0.409999996,1.0,0.0
505,27,32,29,3277.0,-0.5865643061496869,2,2.680000067,1.0,0.0
506,26,30,29,781.0,-0.594544810616042,0,0.0,1.0,0.0
507,16,17,22,2226.0,-0.5899246868364414,0,0.0,1.0,0.0
508,16,18,18,16274.0,-0.5450087706732374,4,6.079999924,2.0,0.0
509,20,23,23,2077.0,-0.5904010871431269,1,1.50999999,1.0,1.0
510,20,23,25,529.0,-0.5953505346246645,0,0.0,0.0,0.0
511,20,26,25,487.0,-0.5954848219594349,0,0.0,1.0,0.0
512,20,23,21,4626.0,-0.5822511248495614,2,2.099999905,2.0,0.0
513,28,33,34,2764.0,-0.5882045300243824,1,1.559999943,1.0,1.0
514,10,12,13,5447.0,-0.5796261271865496,2,2.960000038,1.0,0.0
515,16,17,17,28169.0,-0.5069766790757637,8,12.36999989,1.0,1.0
516,27,30,30,415.0,-0.5957150288190413,0,0.0,1.0,0.0
517,29,31,30,810.0,-0.5944520884087006,0,0.0,1.0,1.0
518,10,11,15,1194718.0,3.2228508468545773,141,254.049996,28.0,14.0
519,10,12,11,637648.0,1.4417211901749052,67,122.4,13.0,5.0
520,10,16,15,24362.0,-0.519148866777452,0,0.0,1.0,1.0
521,10,16,12,459690.0,0.8727329634827459,50,86.33000112,5.0,2.0
522,10,11,16,750060.0,1.8011380443703837,86,161.9099991,11.0,2.0
523,15,18,18,30068.0,-0.5009049731536449,1,1.820000052,1.0,0.0
524,15,18,21,1267550.0,3.455717874616427,123,236.7699986,24.0,10.0
525,15,20,17,3052003.0,9.16118066968888,340,639.9499981,60.0,17.0
526,15,17,21,29945.0,-0.5012982432054724,1,1.590000033,2.0,1.0
527,15,18,20,357856.0,0.5471373337444405,30,52.97000015,7.0,3.0
528,16,20,20,2080666.0,6.055507886501376,202,360.1500015,40.0,21.0
529,16,22,19,145999.0,-0.13023675869490345,9,16.5200001,5.0,2.0
530,16,17,19,32616.0,-0.49275820817757404,1,1.539999962,2.0,0.0
531,16,20,18,984521.0,2.550784301456159,95,163.8999972,26.0,14.0
532,18,20,22,880814.0,2.2192000960505927,123,210.3600006,6.0,2.0
533,18,19,21,182452.0,-0.01368494406668062,20,35.73000026,4.0,1.0
534,18,24,24,894911.0,2.2642726807710285,120,215.8399994,7.0,4.0
535,18,23,23,31349.0,-0.4968092094431477,2,3.800000072,1.0,0.0
536,19,21,21,410310.0,0.7148494256026909,55,96.80000055,3.0,0.0
537,19,20,24,572450.0,1.2332624841663222,89,157.329998,7.0,4.0
538,19,24,25,98759.0,-0.28127803713665717,15,26.56999946,1.0,1.0
539,19,21,22,345371.0,0.5072188248251921,54,93.08999991,7.0,3.0
540,20,22,25,323899.0,0.43856602358257285,46,78.9200002,5.0,1.0
541,20,21,25,399199.0,0.6793240309209313,58,103.1500002,3.0,0.0
542,20,24,22,171202.0,-0.04965476588018038,22,36.53000021,3.0,1.0
543,20,26,24,128386.0,-0.18655111172611868,15,28.85000002,2.0,1.0
544,20,26,24,1034284.0,2.70989241193662,152,257.7099986,20.0,9.0
545,20,21,24,45923.0,-0.45021150427781925,5,7.220000148,2.0,0.0
546,21,23,22,40873.0,-0.4663579576252125,4,7.899999976,2.0,1.0
547,21,26,22,286553.0,0.31915900443173173,34,62.06000042,2.0,1.0
548,21,25,25,20618.0,-0.5311196234769847,1,2.099999905,2.0,1.0
549,21,27,25,83591.0,-0.32977494889373843,7,14.14000046,2.0,2.0
550,21,23,27,114923.0,-0.22959659715502068,12,23.73000026,4.0,2.0
551,22,25,23,25002.0,-0.5171025835809506,1,1.710000038,1.0,0.0
552,22,27,28,68905.0,-0.37673075361845465,5,9.440000057,1.0,0.0
553,22,26,26,169588.0,-0.05481523631635715,16,27.79999924,1.0,0.0
554,22,26,24,328991.0,0.45484676426473647,35,67.65000057,5.0,2.0
555,23,29,27,23198.0,-0.5228705443410888,2,2.980000019,1.0,0.0
556,23,24,27,26890.0,-0.5110660481512718,2,3.24000001,1.0,0.0
557,23,28,27,221695.0,0.11178738637129017,31,52.26000011,5.0,2.0
558,24,29,28,88443.0,-0.3142615644102628,7,13.0400002,1.0,1.0
559,24,27,30,187856.0,0.003593359673777401,23,38.38999975,5.0,1.0
560,25,31,30,570699.0,1.2276639812333943,80,138.7699997,9.0,2.0
561,25,29,31,1063508.0,2.8033308183968617,145,260.3800013,23.0,7.0
562,25,27,28,50523.0,-0.435503843802966,6,8.549999952,1.0,0.0
563,26,30,28,87935.0,-0.3158858016974857,9,15.63000023,1.0,0.0
564,26,31,32,278225.0,0.2925317443372583,33,60.19999957,3.0,0.0
565,26,28,29,209461.0,0.07267140414316961,20,34.19000006,1.0,0.0
566,26,28,29,26316.0,-0.5129013083931339,2,3.24000001,3.0,0.0
567,27,32,29,41030.0,-0.4658559787785707,3,5.140000105,2.0,1.0
568,27,28,33,876671.0,2.205953609670741,120,216.5599982,22.0,4.0
569,27,32,29,399392.0,0.6799411131973762,53,93.07000041,5.0,0.0
570,27,31,29,283858.0,0.31054223378396445,30,56.05999923,1.0,0.0
571,27,28,29,260699.0,0.23649555792806748,31,54.09999871,5.0,2.0
572,28,34,29,57781.0,-0.4122977134276432,5,7.800000072,2.0,1.0
573,28,34,33,38757.0,-0.47312348144364497,3,5.220000029,1.0,0.0
574,28,29,29,1392288.0,3.8545448642495237,206,358.5500029,31.0,7.0
575,28,30,32,1109387.0,2.9500205477285553,159,280.9899995,13.0,2.0
576,29,32,34,581281.0,1.2614979949605458,65,115.1200008,10.0,5.0
577,29,35,33,1048861.0,2.7564997090544323,128,219.770002,22.0,8.0
578,29,32,30,297452.0,0.35400656780465034,30,52.01999986,4.0,1.0
579,29,34,31,227925.0,0.1317066743622327,22,35.30999994,22.0,12.0
580,29,34,31,374175.0,0.5993143579377297,38,63.32000101,8.0,3.0
581,30,32,31,223586.0,0.11783351375345266,32,54.24000037,1.0,0.0
582,30,31,35,283170.0,0.3083424793477255,39,65.22999996,2.0,1.0
583,30,31,34,41636.0,-0.46391840437688353,3,4.210000038,1.0,0.0
584,30,32,34,198658.0,0.03813078324972624,30,48.60999978,8.0,1.0
585,31,37,35,100596.0,-0.27540456489919946,10,13.91999972,4.0,2.0
586,31,37,35,64020.0,-0.3923496495792499,5,11.0599997,1.0,0.0
587,31,32,33,14289.0,-0.551355445899886,0,0.0,1.0,0.0
588,32,36,37,404866.0,0.6974432291624515,43,87.42000079,4.0,0.0
589,32,36,35,22256.0,-0.5258824174209391,1,1.659999967,1.0,1.0
590,32,34,36,57690.0,-0.4125886693196458,4,6.74000001,1.0,0.0
591,36,40,37,24952.0,-0.5172624494556773,5,8.220000267,3.0,2.0
592,36,37,39,38900.0,-0.4726662650419267,3,5.580000043,1.0,0.0
593,36,42,42,53520.0,-0.42592148327184964,6,9.2299999,1.0,1.0
594,36,41,41,181683.0,-0.016143681219976738,20,34.22999972,2.0,1.0
595,36,37,40,29185.0,-0.5037282045013178,2,3.149999976,1.0,0.0
596,36,41,38,105047.0,-0.2611733047310317,13,20.2099994,3.0,1.0
597,63,67,64,287976.0,0.32370878722645263,31,59.43999982,3.0,2.0
598,63,65,69,212175.0,0.08134892382333303,22,38.58999968,2.0,1.0
599,63,69,67,11139.0,-0.561426996007666,0,0.0,1.0,1.0
600,63,64,65,124005.0,-0.20055855966966912,11,21.84999979,4.0,1.0
601,63,64,67,20423.0,-0.5317431003884187,1,1.960000038,1.0,0.0
602,64,67,65,103001.0,-0.26771501632484684,14,22.32000005,1.0,0.0
603,64,66,67,447420.0,0.8335018778248221,66,110.2399991,7.0,2.0
604,64,66,69,156101.0,-0.09793745736512793,19,29.75000048,2.0,2.0
605,64,70,67,93015.0,-0.29964342882525646,12,18.47000015,1.0,0.0
606,65,70,68,145398.0,-0.13215834650911798,23,36.24000025,1.0,0.0
607,65,67,67,296413.0,0.3506845549278302,50,76.43999958,3.0,1.0
608,2,4,4,9370.0,-0.5670830506554954,0,0.0,1.0,1.0
609,2,4,7,63785.0,-0.3931010191904652,7,11.80000019,6.0,2.0
610,2,8,3,118522.0,-0.21808945149219527,14,26.81999981,2.0,1.0
611,2,5,5,240123.0,0.17070755316055006,38,65.67000115,5.0,4.0
612,7,9,13,169108.0,-0.05634994871373314,20,32.24000025,2.0,1.0
613,7,13,10,1044442.0,2.742370763046089,142,245.5999999,22.0,8.0
614,7,10,13,93891.0,-0.2968425787000453,11,17.6400001,5.0,3.0
615,7,11,10,185823.0,-0.0029067867926088234,25,38.54999936,4.0,1.0
616,66,68,70,175631.0,-0.035493846696892345,23,40.75999951,1.0,0.0
617,66,68,70,37187.0,-0.47814326991006223,4,6.370000005,1.0,0.0
618,66,67,69,10991.0,-0.561900198996857,0,0.0,1.0,0.0
619,66,69,69,344618.0,0.5048112447518085,51,89.76000047,3.0,1.0
620,10,14,13,98066.0,-0.28349377816036875,9,16.1500001,1.0,0.0
621,10,13,12,770749.0,1.8672873460147834,100,189.1299984,13.0,3.0
622,10,16,14,52553.0,-0.42901328928906335,5,8.529999852,1.0,0.0
623,10,15,16,362296.0,0.5613334234201685,39,67.77000129,7.0,3.0
624,10,16,13,427729.0,0.7705434990399667,50,96.8999989,4.0,1.0
625,15,17,19,180351.0,-0.020402508122695107,21,37.13000011,1.0,1.0
626,15,16,16,187329.0,0.0019083733541583453,29,53.15999961,2.0,1.0
627,15,16,17,782894.0,1.9061187669858906,118,192.9299995,5.0,2.0
628,16,17,22,1206533.0,3.2606271530524884,128,236.1199988,17.0,6.0
629,16,19,21,84494.0,-0.32688777119617485,7,12.57000017,2.0,0.0
630,16,17,20,94257.0,-0.2956723604970461,7,12.5800004,1.0,1.0
631,18,24,20,131060.0,-0.17800148474573663,16,28.04999959,2.0,1.0
632,18,21,19,341603.0,0.4951713325057906,50,83.48000121,4.0,2.0
633,18,20,24,140749.0,-0.14702267554120335,19,30.4799999,1.0,1.0
634,18,19,21,102525.0,-0.2692369394522447,13,20.29999983,2.0,1.0
635,19,23,23,447952.0,0.8352028507319138,68,131.5799983,8.0,1.0
636,19,25,23,76355.0,-0.35291073828418146,9,14.62999988,2.0,0.0
637,20,26,26,256598.0,0.22338335888298635,38,64.46999931,6.0,1.0
638,20,21,21,127476.0,-0.189460670646144,21,30.15000057,3.0,2.0
639,20,22,24,237603.0,0.1626503130743261,37,62.25000024,5.0,2.0
640,21,22,22,271091.0,0.2697220813312577,42,78.03999984,3.0,1.0
641,21,23,22,21743.0,-0.5275226412956348,2,3.400000095,1.0,0.0
642,22,25,25,88970.0,-0.3125765780906437,10,14.8300004,2.0,0.0
643,22,24,26,108362.0,-0.25057419723665375,13,22.42999983,1.0,1.0
644,22,25,23,188596.0,0.005959374619732052,27,44.14000034,3.0,0.0
645,22,24,24,275080.0,0.28247618081695103,43,69.65999997,4.0,3.0
646,23,28,28,64647.0,-0.3903449315101775,10,16.26999998,1.0,0.0
647,23,27,24,31265.0,-0.49707778411268855,4,5.789999902,1.0,0.0
648,23,27,28,140147.0,-0.1489474606729124,24,42.08000016,2.0,0.0
649,23,26,27,223120.0,0.11634356380100014,40,67.66999984,1.0,0.0
650,23,29,27,104869.0,-0.2617424272450586,18,34.07000089,1.0,0.0
651,24,27,27,165177.0,-0.0689186037847436,23,41.71999967,4.0,1.0
652,24,29,29,84194.0,-0.3278469664445348,11,19.56999981,1.0,0.0
653,24,25,28,220581.0,0.10822557468238005,31,57.37,1.0,1.0
654,25,27,31,75804.0,-0.35467246022366933,10,17.36999965,2.0,1.0
655,25,30,29,368986.0,0.5827234774585963,59,100.289999,0.0,0.0
656,25,30,27,28194.0,-0.5068967461384003,3,3.709999919,2.0,0.0
657,26,29,27,99961.0,-0.2774348615082281,14,23.2099998,1.0,0.0
658,26,28,27,7573.0,-0.5728286301931718,0,0.0,1.0,0.0
659,27,28,33,685781.0,1.595617673139277,103,177.8899992,10.0,1.0
660,27,30,28,274222.0,0.27973288240664146,43,66.7700001,2.0,1.0
661,27,33,31,110503.0,-0.2437287404808579,25,32.67999995,4.0,0.0
662,28,31,29,1447755.0,4.031890473718803,233,420.5799983,11.0,8.0
663,28,33,31,358987.0,0.5507534998307577,52,87.55000067,1.0,0.0
664,28,33,31,826205.0,2.044597784991623,125,232.3700008,5.0,1.0
665,28,33,32,550954.0,1.1645329473038342,84,150.1400012,3.0,0.0
666,28,34,34,378350.0,0.6126631584774063,55,96.48000073,4.0,0.0
667,29,32,33,492784.0,0.9785449886468313,56,95.5100013,7.0,4.0
668,29,34,35,327158.0,0.44898608129725687,43,72.3100003,6.0,2.0
669,29,31,35,9921.0,-0.5653213287160076,0,0.0,1.0,0.0
670,29,34,30,59390.0,-0.4071532295789391,5,9.209999919,5.0,3.0
671,29,33,33,1040330.0,2.7292233935085686,147,254.2500038,13.0,2.0
672,30,31,35,49422.0,-0.4390240903644472,6,11.17000031,1.0,0.0
673,30,35,32,131091.0,-0.17790236790340608,18,34.23000026,3.0,1.0
674,30,31,36,95691.0,-0.29108740720988535,15,25.26000011,1.0,1.0
675,31,32,36,15513.0,-0.5474419292865773,1,1.289999962,1.0,0.0
676,32,33,33,382537.0,0.6260503268270172,63,113.9900012,4.0,3.0
677,32,37,33,461356.0,0.8780596944286384,64,121.0999982,6.0,3.0
678,32,38,34,392541.0,0.6580362910423284,53,98.70000017,3.0,2.0
679,36,39,38,35088.0,-0.4848544393310877,5,8.800000072,1.0,1.0
680,36,38,41,53933.0,-0.42460099114660743,6,9.929999948,3.0,1.0
681,63,65,68,228861.0,0.13469936353711587,33,53.38999939,4.0,2.0
682,63,66,69,20959.0,-0.5300293382113489,2,3.769999981,1.0,1.0
683,64,68,70,24992.0,-0.517134556755896,2,3.190000057,1.0,0.0
684,64,70,65,100351.0,-0.2761879076853601,15,24.17999995,2.0,1.0
685,64,68,70,292448.0,0.3380071910620056,43,76.89999968,2.0,1.0
686,64,67,69,65060.0,-0.38902443938493525,7,14.5200001,1.0,1.0
687,64,70,66,133316.0,-0.17078833647806946,21,36.17000055,2.0,0.0
688,65,66,71,113501.0,-0.23414318263224704,26,38.44000077,5.0,4.0
689,65,71,70,192810.0,0.01943287054169543,41,61.92999995,4.0,3.0
690,2,8,6,233404.0,0.14922477691478073,43,70.4100008,2.0,1.0
691,2,7,7,128843.0,-0.18508993763111697,24,37.5999999,2.0,0.0
692,2,5,7,63564.0,-0.3938076263567571,12,20.59000027,2.0,0.0
693,2,8,7,85970.0,-0.32216853057424366,14,24.78000021,1.0,1.0
694,7,9,13,131232.0,-0.17745154613667688,16,29.53999937,1.0,1.0
695,7,13,9,152454.0,-0.10959807426769093,22,37.84999979,1.0,1.0
696,7,10,9,28989.0,-0.5043548787302463,2,2.290000021,1.0,0.0
697,66,69,72,80248.0,-0.3404635812779633,15,24.1900003,1.0,1.0
698,66,68,68,38580.0,-0.47368940664017734,5,8.519999981,1.0,0.0
699,10,11,15,621591.0,1.3903818631651836,91,163.36,5.0,1.0
700,10,15,11,250499.0,0.2038829194838277,36,58.14000005,3.0,1.0
701,10,15,14,131637.0,-0.17615663255139088,18,29.30999982,2.0,1.0
702,10,12,15,463813.0,0.8859155035127068,69,116.3399996,4.0,2.0
703,10,13,12,211767.0,0.08004441828556344,35,60.89999914,5.0,1.0
704,15,17,17,163181.0,-0.07530044950383208,26,40.02000093,1.0,1.0
705,16,20,18,1117385.0,2.975592693049833,147,260.0699984,11.0,2.0
706,16,21,22,1663441.0,4.721507094844715,205,359.4700001,17.0,6.0
707,16,18,17,455248.0,0.8585304791720288,54,105.7099996,5.0,2.0
708,16,22,20,75589.0,-0.355359883484994,6,10.66000009,1.0,1.0
709,16,21,22,594267.0,1.3030183599445555,82,143.3000009,3.0,2.0
710,16,22,22,315281.0,0.41101154141468477,35,65.02999854,1.0,0.0
711,19,23,25,363456.0,0.565042311713827,71,117.5599997,7.0,1.0
712,19,23,25,438983.0,0.8065261101234446,81,143.4300001,3.0,1.0
713,19,20,24,42563.0,-0.4609544910594512,5,9.659999847,1.0,1.0
714,20,26,21,399035.0,0.6787996708518278,75,124.7999995,7.0,3.0
715,20,21,26,304680.0,0.3771167786551371,59,98.55000019,3.0,0.0
716,20,21,25,140596.0,-0.14751186511786696,23,40.77000022,1.0,0.0
717,20,25,22,439986.0,0.8097330195704615,80,134.8799999,4.0,3.0
718,20,26,26,75803.0,-0.35467565754116387,11,19.3599999,2.0,2.0
719,21,27,22,7073.0,-0.5744272889404384,0,0.0,1.0,0.0
720,22,27,25,153586.0,-0.10597871086387922,28,43.01000035,2.0,0.0
721,22,24,24,180815.0,-0.01891895280523165,31,42.62999976,1.0,0.0
722,22,26,23,253169.0,0.21241975719423165,51,75.78999984,1.0,0.0
723,22,28,27,34453.0,-0.48688473594011633,5,7.710000038,1.0,1.0
724,23,25,26,51550.0,-0.4322201987360803,8,14.03999984,1.0,0.0
725,23,28,24,110018.0,-0.24527943946570657,24,39.85999966,1.0,0.0
726,24,28,30,137584.0,-0.1571421854114013,21,36.77999961,1.0,0.0
727,24,25,27,209825.0,0.07383522771117974,30,54.86999953,1.0,0.0
728,25,27,31,264222.0,0.24775970746130835,63,87.7899996,1.0,1.0
729,26,30,31,31202.0,-0.49727921511484413,5,6.730000019,1.0,0.0
730,27,29,32,252991.0,0.2118506346802047,49,76.83999932,3.0,0.0
731,27,31,30,56265.0,-0.4171448467493557,9,15.53999972,1.0,0.0
732,29,32,34,76923.0,-0.35109466194728656,11,17.67000008,2.0,2.0
733,29,30,35,209332.0,0.07225895018637482,30,49.60000014,3.0,1.0
734,29,32,33,214094.0,0.08748457609534245,31,53.26999903,1.0,0.0
735,29,35,32,526209.0,1.0854153259016073,85,126.9299996,3.0,2.0
736,29,35,35,741143.0,1.7726275642716303,120,179.620001,4.0,1.0
737,29,33,31,172827.0,-0.044459124951563754,25,38.42000043,2.0,0.0
738,30,36,33,188873.0,0.00684503156571778,38,58.5999999,1.0,1.0
739,30,35,32,123126.0,-0.20336900174736391,25,39.72999978,2.0,1.0
740,31,33,32,77794.0,-0.348309798409548,14,19.11000001,1.0,1.0
741,32,33,37,56630.0,-0.41597782586385107,9,15.81000018,1.0,1.0
742,32,33,36,400844.0,0.6845836181994386,85,140.9700022,4.0,2.0
743,32,33,35,208572.0,0.0698289888905295,36,60.76000023,2.0,1.0
744,36,38,37,59004.0,-0.40838739413182895,8,13.51000011,1.0,0.0
745,36,40,39,196253.0,0.030441234675373626,32,55.10000002,1.0,0.0
746,63,64,66,51858.0,-0.431235424947764,8,12.63000011,1.0,1.0
747,63,68,64,280764.0,0.3006497334558784,49,81.36000025,2.0,1.0
748,64,69,70,63660.0,-0.3935006838772819,11,16.47000003,1.0,1.0
749,64,65,67,109289.0,-0.24761028391922135,19,31.02999997,1.0,0.0
750,65,70,70,188440.0,0.005460593090584855,40,60.72999966,2.0,1.0
751,2,3,5,212496.0,0.08237526273907822,44,74.83000135,2.0,1.0
752,2,6,3,32574.0,-0.49289249551234443,5,7.480000019,1.0,0.0
753,2,4,5,128595.0,-0.18588287236976123,23,36.4800005,1.0,1.0
754,7,9,11,242234.0,0.17745709039150986,48,68.06000054,2.0,0.0
755,66,67,67,33154.0,-0.4910380513655151,5,7.879999995,1.0,1.0
756,66,72,68,9773.0,-0.5657945317051984,1,1.460000038,1.0,0.0
757,10,16,11,464036.0,0.8866285053139876,77,123.5500004,3.0,1.0
758,10,16,15,478480.0,0.9328105592050268,75,135.7500012,3.0,1.0
759,10,14,11,428812.0,0.7740061938865462,66,116.8800001,4.0,2.0
760,10,16,16,1177535.0,3.1679113403460115,221,365.6600009,15.0,3.0
761,10,14,14,426500.0,0.7666139958391852,72,128.2799988,4.0,1.0
762,15,21,19,54237.0,-0.4236290066282693,7,10.77999985,2.0,1.0
763,15,19,18,506916.0,1.0237294794795762,89,133.6999986,2.0,2.0
764,15,17,18,250960.0,0.20535688284880754,42,64.87999952,2.0,0.0
765,16,20,18,2286228.0,6.7127548653126325,353,603.380002,16.0,7.0
766,16,21,20,915451.0,2.329945582108743,125,220.559999,6.0,1.0
767,16,21,17,159478.0,-0.08714011618608894,20,33.89999998,3.0,1.0
768,16,20,17,1228924.0,3.3322182890725838,190,318.9700032,6.0,3.0
769,16,22,17,938283.0,2.4029467351439275,134,248.6400001,7.0,2.0
770,18,24,23,154572.0,-0.10282615581426938,26,40.93000007,1.0,1.0
771,18,19,19,378171.0,0.6120908386458848,70,109.2500008,1.0,0.0
772,18,19,22,468749.0,0.9016974626657231,84,134.1199975,6.0,1.0
773,19,25,25,309823.0,0.3935605825295219,60,103.3899996,4.0,4.0
774,19,21,25,327227.0,0.4492066962043797,65,116.5599996,5.0,0.0
775,19,23,24,334945.0,0.4738835926271878,72,120.2999994,2.0,1.0
776,19,23,22,68859.0,-0.3768778302232032,15,25.45999968,1.0,0.0
777,20,22,26,127125.0,-0.1905829290867252,20,35.67999983,2.0,0.0
778,20,21,24,415798.0,0.7323963040126897,80,131.7800006,3.0,1.0
779,20,22,23,107671.0,-0.25278354362537625,20,29.91000021,1.0,1.0
780,20,24,22,164356.0,-0.07154360144775544,28,46.7900002,2.0,1.0
781,20,26,25,17662.0,-0.5405708939908251,2,3.189999938,1.0,0.0
782,21,27,27,65339.0,-0.3881323878039604,10,16.67999983,2.0,0.0
783,21,25,22,59838.0,-0.4057208313413882,7,11.11000013,1.0,0.0
784,21,24,23,381577.0,0.6229809020322652,81,127.5699993,2.0,0.0
785,22,24,27,45491.0,-0.45159274543545763,8,11.00999999,1.0,0.0
786,23,28,29,18946.0,-0.5364655383278444,2,3.599999905,1.0,0.0
787,23,29,29,114370.0,-0.2313647137294976,18,33.65999997,1.0,0.0
788,23,26,29,99698.0,-0.2782757560092904,21,33.3499999,1.0,0.0
789,24,26,25,355165.0,0.5385333523666513,81,128.6099997,4.0,3.0
790,25,26,29,101431.0,-0.2727348047912641,23,33.93000031,1.0,1.0
791,25,30,29,123151.0,-0.20328906881000058,24,36.4400003,2.0,1.0
792,26,30,29,24078.0,-0.5200569049458994,4,5.769999981,1.0,0.0
793,27,33,30,517801.0,1.0585322804075712,105,181.7200011,3.0,0.0
794,27,28,32,145104.0,-0.13309835785251078,25,41.42000008,2.0,1.0
795,27,31,28,179950.0,-0.021684632438002966,35,58.67999971,1.0,0.0
796,27,31,31,258531.0,0.22956377359991925,46,80.33999979,2.0,0.0
797,27,31,29,272500.0,0.2742271016810551,62,104.4599996,3.0,0.0
798,28,31,32,273197.0,0.2764556319747448,57,87.7300005,3.0,0.0
799,28,30,34,775904.0,1.8837695176991027,172,253.990002,4.0,2.0
800,28,33,33,120251.0,-0.2125612895441472,26,39.44000006,1.0,0.0
801,28,29,32,139406.0,-0.15131667293636158,24,39.04999948,1.0,0.0
802,28,32,31,60314.0,-0.40419890821399035,11,16.93999958,2.0,1.0
803,29,34,30,563074.0,1.2032844353375778,86,142.7099985,4.0,2.0
804,29,30,30,168655.0,-0.057798333538756734,18,27.29999983,2.0,0.0
805,29,34,31,111963.0,-0.2390606569388393,17,29.3799994,2.0,1.0
806,29,32,30,1026304.0,2.684377818330244,168,277.5799986,17.0,8.0
807,29,35,34,1391924.0,3.8533810406815134,258,422.8400038,17.0,10.0
808,29,33,33,147551.0,-0.12527452194338776,22,38.50000083,1.0,0.0
809,31,36,36,66794.0,-0.3834802908494145,9,17.3299998,1.0,1.0
810,31,37,36,118882.0,-0.2169384171941633,19,32.30999994,2.0,1.0
811,31,37,35,148010.0,-0.12380695321339696,24,41.96999943,1.0,0.0
812,32,34,33,932890.0,2.3857036018959095,197,352.4499989,3.0,1.0
813,32,34,37,718359.0,1.6997798824761832,147,264.5899997,4.0,1.0
814,32,35,35,433658.0,0.7895003944650547,82,158.5999998,5.0,2.0
815,32,34,38,29455.0,-0.5028649287777939,3,4.769999981,1.0,0.0
816,36,38,38,23973.0,-0.5203926232828254,3,4.820000052,1.0,1.0
817,63,68,67,126480.0,-0.1926451988706992,25,37.25999999,1.0,1.0
818,63,64,67,138959.0,-0.15274587385641797,28,39.5200007,1.0,0.0
819,63,65,68,68829.0,-0.37697374974803916,12,19.47999978,1.0,0.0
820,64,69,65,49916.0,-0.4374446155221477,10,16.38,1.0,1.0
821,65,67,67,76014.0,-0.35400102354981733,16,22.67000031,1.0,1.0
822,2,5,4,50947.0,-0.43414818118528387,10,15.99000025,1.0,0.0
823,66,71,70,55536.0,-0.4194756912028705,11,17.04999995,1.0,0.0
824,10,13,14,318042.0,0.4198393350170912,46,64.40999997,8.0,4.0
825,10,14,11,213016.0,0.08403786783623554,30,44.21999955,8.0,2.0
826,15,19,16,182265.0,-0.014282842438158349,27,38.18000007,2.0,1.0
827,15,17,18,1117371.0,2.9755479306049093,177,268.050002,26.0,5.0
828,15,17,17,333345.0,0.4687678846359345,52,77.59000027,5.0,1.0
829,16,17,21,275930.0,0.2851939006873044,30,46.77999997,5.0,2.0
830,16,20,19,740631.0,1.7709905377144293,101,153.1199975,9.0,1.0
831,16,17,17,328272.0,0.452547892986167,35,55.99000025,2.0,1.0
832,16,20,21,178455.0,-0.02646462209233027,20,31.5400002,6.0,3.0
833,16,18,19,705712.0,1.6593434081228204,98,147.339999,6.0,1.0
834,18,19,20,690373.0,1.610299755074174,91,159.5700021,5.0,2.0
835,18,21,19,515812.0,1.0521728159109445,69,117.6299995,3.0,1.0
836,18,21,21,764793.0,1.8482441230173432,101,171.9799976,4.0,2.0
837,19,22,23,87832.0,-0.31621512539942265,11,18.10000038,1.0,1.0
838,19,22,23,23368.0,-0.5223270003670181,3,4.300000191,1.0,0.0
839,19,24,23,51509.0,-0.43235128875335616,7,11.57000005,1.0,0.0
840,19,20,23,87043.0,-0.31873780890260944,16,24.48000002,2.0,0.0
841,19,20,25,565565.0,1.2112489532164603,113,169.6699982,7.0,4.0
842,20,26,26,253758.0,0.21430297719851177,43,62.14000034,4.0,1.0
843,20,22,21,319131.0,0.423321213768638,51,76.68000025,6.0,1.0
844,20,22,21,670608.0,1.547104774794723,130,195.1499978,11.0,3.0
845,21,24,25,159123.0,-0.08827516389664826,25,38.36000013,5.0,3.0
846,21,23,22,103709.0,-0.26545131553871726,15,24.56999969,3.0,1.0
847,21,27,23,271589.0,0.2713143454435353,45,74.41000032,9.0,3.0
848,21,25,22,119772.0,-0.21409280462402863,20,33.46999907,5.0,2.0
849,22,23,23,26340.0,-0.5128245727732651,3,4.220000029,1.0,1.0
850,22,27,28,594968.0,1.3052596795082234,111,147.6700006,4.0,0.0
851,23,25,24,6838.0,-0.5751786585516537,0,0.0,1.0,0.0
852,24,30,25,185665.0,-0.0034119629567450865,39,62.14000058,1.0,0.0
853,24,29,25,24959.0,-0.5172400682332156,3,4.560000062,1.0,1.0
854,24,28,27,136967.0,-0.15911493030552834,23,35.05999982,3.0,1.0
855,24,26,26,107548.0,-0.25317681367720385,19,29.31000018,1.0,0.0
856,25,31,28,588617.0,1.2849535161004422,119,169.9199973,2.0,0.0
857,26,31,30,190560.0,0.012238906178995477,26,41.63,3.0,1.0
858,26,30,32,373110.0,0.5959092148060516,49,75.70000076,4.0,2.0
859,27,33,29,935646.0,2.394515408910843,170,256.4699982,19.0,6.0
860,27,28,31,2223278.0,6.511483729031761,421,612.3000032,38.0,13.0
861,27,33,28,240497.0,0.1719033499035055,36,51.84000087,1.0,0.0
862,27,30,30,259984.0,0.23420947591947616,37,54.7900002,5.0,0.0
863,28,31,29,606786.0,1.343045577658618,127,179.050001,11.0,3.0
864,28,31,34,83270.0,-0.3308012878094836,13,17.74000001,1.0,0.0
865,28,34,29,1189509.0,3.2061960200255535,268,375.7199963,7.0,3.0
866,28,29,32,11471.0,-0.5603654865994809,1,1.570000052,0.0,0.0
867,29,35,34,1705246.0,4.85517095270368,295,429.4799981,23.0,10.0
868,29,31,30,418016.0,0.7394879542155646,63,95.8500005,3.0,1.0
869,29,31,30,30155.0,-0.5006268065316205,3,3.819999933,1.0,0.0
870,29,33,33,990404.0,2.5695941202764985,153,226.5399992,12.0,6.0
871,30,35,35,187468.0,0.002352800485898476,34,50.72000062,2.0,1.0
872,30,36,36,208301.0,0.06896251584951098,33,54.57000089,1.0,0.0
873,30,36,36,101856.0,-0.27137594485608746,16,25.22000039,4.0,1.0
874,31,35,36,48935.0,-0.4405811839842849,7,9.970000267,1.0,1.0
875,31,33,34,13911.0,-0.5525640319128197,1,1.730000019,1.0,1.0
876,32,38,34,511726.0,1.0391085766282813,77,123.0900019,8.0,4.0
877,32,38,37,177452.0,-0.029671531539347182,24,37.83000016,2.0,0.0
878,32,38,36,149808.0,-0.11805817635822607,20,33.03999937,1.0,1.0
879,32,34,38,390339.0,0.6509957979193661,60,105.0199997,9.0,6.0
880,32,37,34,8350.0,-0.5703443144999194,0,0.0,1.0,0.0
881,36,38,37,39339.0,-0.47126264266182655,4,5.929999948,1.0,0.0
882,63,65,64,8587.0,-0.569586550253715,0,0.0,1.0,0.0
883,63,67,65,24893.0,-0.5174510911878548,2,3.75,1.0,0.0
884,63,64,64,1296189.0,3.5472858503423668,212,343.2599944,14.0,4.0
885,63,65,65,91607.0,-0.3041452518575594,12,19.1899997,2.0,1.0
886,64,67,67,238036.0,0.164034751549459,38,61.02999771,6.0,3.0
887,64,67,68,254344.0,0.21617660525030827,35,56.16999996,2.0,1.0
888,64,66,69,157705.0,-0.0928089601038965,23,39.23000026,2.0,0.0
889,64,67,69,411571.0,0.7188812429632974,60,99.1799984,6.0,1.0
890,64,69,70,94136.0,-0.29605923591388467,11,16.17999971,1.0,0.0
891,65,69,71,82640.0,-0.3328155978310396,16,23.97000039,1.0,1.0
892,65,69,68,17870.0,-0.5399058519519623,2,2.620000005,1.0,1.0
893,2,8,7,19178.0,-0.5357237606691126,2,2.779999971,1.0,1.0
894,2,6,7,5264.0,-0.5802112362880492,0,0.0,1.0,0.0
895,2,8,4,145548.0,-0.131678748884938,28,42.37000036,2.0,1.0
896,2,6,8,82455.0,-0.3334071015675283,15,22.04999971,1.0,0.0
897,7,10,9,44189.0,-0.45575565281334,7,10.31999981,2.0,0.0
898,7,8,8,45199.0,-0.4525263621438614,7,9.809999943,1.0,0.0
899,7,8,13,221843.0,0.1122605893604811,43,63.45000076,5.0,0.0
900,66,72,69,41672.0,-0.46380330094708033,6,10.54999995,2.0,1.0
901,10,15,13,127546.0,-0.18923685842152668,25,38.94000041,2.0,0.0
902,10,16,15,127865.0,-0.18821691414077055,28,38.02999961,3.0,1.0
903,10,15,13,1025327.0,2.6812540391380852,229,314.2999983,16.0,2.0
904,10,14,14,561415.0,1.1979800856141471,124,173.76,3.0,0.0
905,15,21,21,132803.0,-0.17242856035276505,25,37.32000124,2.0,1.0
906,15,18,17,24664.0,-0.5181832768941029,2,2.629999995,1.0,1.0
907,16,17,21,1020561.0,2.6660156239591393,172,263.8100007,7.0,3.0
908,16,17,22,682143.0,1.5839858320941649,114,177.1099993,6.0,2.0
909,16,18,18,1247717.0,3.392305476747348,222,343.4199994,11.0,4.0
910,16,21,18,146406.0,-0.1289354504746284,23,33.22999942,1.0,1.0
911,16,17,21,905699.0,2.298765341902054,161,234.6599982,4.0,1.0
912,16,21,17,1184580.0,3.190436442094999,194,297.8299981,14.0,3.0
913,18,22,19,98057.0,-0.2835225540178195,20,31.00999963,1.0,1.0
914,19,22,24,238735.0,0.1662696764781378,56,84.65999889,4.0,1.0
915,19,23,25,320657.0,0.4282003202652958,77,115.8800026,2.0,0.0
916,21,27,23,244074.0,0.18334015458145117,57,84.51000023,4.0,2.0
917,21,27,24,39146.0,-0.4718797249382715,8,13.05999959,1.0,0.0
918,22,26,23,78468.0,-0.3461548064182326,15,23.64999962,1.0,0.0
919,22,24,26,325653.0,0.44417411846798427,63,89.35000026,2.0,0.0
920,22,25,23,66277.0,-0.3851333039940882,12,17.30000019,1.0,0.0
921,22,26,25,93002.0,-0.29968499395268544,16,23.33999968,1.0,0.0
922,24,25,29,109723.0,-0.2462226481265939,27,40.9600004,1.0,0.0
923,24,27,28,118941.0,-0.21674977546198582,35,50.11000001,4.0,1.0
924,25,27,27,221576.0,0.11140690558944069,47,66.79000068,6.0,1.0
925,25,29,27,8341.0,-0.5703730903573702,1,1.639999986,1.0,0.0
926,25,30,27,120335.0,-0.21229271487460638,26,36.2299993,2.0,0.0
927,26,28,31,182098.0,-0.014816794459745411,40,62.86999989,1.0,1.0
928,26,31,28,227473.0,0.13026148685470365,52,71.58000052,1.0,1.0
929,27,30,32,1050947.0,2.7631693133480284,230,350.5099957,6.0,1.0
930,27,32,28,720859.0,1.7077731762125166,162,213.6899986,13.0,5.0
931,28,31,32,41111.0,-0.46559699606151356,8,10.96000016,1.0,0.0
932,29,31,34,148616.0,-0.12186937881170978,25,37.39999962,6.0,4.0
933,29,34,34,707260.0,1.6642928556043581,135,210.8200028,13.0,6.0
934,29,32,32,139596.0,-0.15070918261240027,26,42.41000032,1.0,1.0
935,30,34,31,105399.0,-0.26004784897295596,22,33.19999933,2.0,0.0
936,32,33,34,222378.0,0.11397115422005641,50,72.91000104,1.0,0.0
937,63,69,68,975792.0,2.5228749170463773,210,293.8800011,10.0,4.0
938,63,65,67,579150.0,1.2546845113796954,125,167.0499997,5.0,1.0
939,63,65,69,449588.0,0.8404336621529703,81,123.800001,5.0,2.0
940,63,68,65,318157.0,0.4202070265289625,56,85.70000196,3.0,0.0
941,63,65,64,196967.0,0.03272411936647041,43,65.17999971,2.0,1.0
942,64,70,67,158298.0,-0.09091295082963825,37,46.43000007,4.0,1.0
943,64,67,69,222739.0,0.11512538583558293,55,68.55999959,5.0,2.0
944,2,4,3,20780.0,-0.5306016580428703,5,8.189999938,1.0,0.0
945,7,9,8,128616.0,-0.18581572870237603,33,48.54999948,2.0,0.0
946,10,12,15,258954.0,0.23091623890010685,61,82.27999902,1.0,0.0
947,10,15,11,205289.0,0.05933219555597664,48,71.53000104,3.0,0.0
948,10,13,12,611601.0,1.358440661394796,138,191.419996,8.0,3.0
949,10,13,14,947657.0,2.432918389337683,233,321.8700004,8.0,4.0
950,10,16,14,233043.0,0.1480705452992542,49,65.03000033,2.0,0.0
951,15,18,21,582725.0,1.266114921422652,142,194.8099988,9.0,2.0
952,16,20,19,265038.0,0.2503687185368475,51,78.45999932,2.0,1.0
953,16,20,18,222273.0,0.11363543588313042,39,53.62999868,6.0,1.0
954,16,22,19,797234.0,1.9519682998574983,170,243.7699978,4.0,1.0
955,16,19,21,925555.0,2.3622512780735074,182,262.8899981,4.0,2.0
956,18,19,24,22210.0,-0.5260294940256877,3,4.050000191,1.0,1.0
957,21,25,23,46391.0,-0.4487151596903777,11,16.40999985,3.0,1.0
958,21,27,25,190477.0,0.011973528826949213,42,66.38999987,1.0,0.0
959,21,24,27,25382.0,-0.515887602933028,7,9.609999895,1.0,0.0
960,22,26,25,65726.0,-0.38689502593357605,17,22.12000012,2.0,0.0
961,23,25,29,195220.0,0.027138405703520715,51,78.06000042,1.0,0.0
962,23,25,26,107501.0,-0.25332708759944694,27,40.87999928,2.0,2.0
963,25,26,30,197772.0,0.035297959949569725,63,88.21000016,7.0,2.0
964,25,30,29,138154.0,-0.15531971443951728,35,48.93999863,1.0,0.0
965,25,26,30,270124.0,0.26663027531404393,69,95.84999895,2.0,0.0
966,26,28,27,303971.0,0.37484988055151297,77,106.9299998,11.0,6.0
967,26,30,29,682046.0,1.583675692297195,183,254.419997,4.0,2.0
968,26,27,28,328365.0,0.4528452435131586,83,117.3400005,2.0,1.0
969,27,31,33,1083259.0,2.866481036231389,276,390.2599992,11.0,0.0
970,27,33,28,913929.0,2.325079264882063,245,340.4099993,7.0,2.0
971,28,31,33,101586.0,-0.2722392205796115,24,33.47000039,2.0,1.0
972,28,30,32,181053.0,-0.018157991241532723,46,66.27999985,3.0,1.0
973,28,30,34,133419.0,-0.17045901277613254,35,48.18000007,2.0,1.0
974,29,34,32,489573.0,0.9682784021718849,113,156.1199993,3.0,2.0
975,29,32,31,822023.0,2.031226603229485,194,288.3300035,6.0,0.0
976,30,32,35,93176.0,-0.29912866070863664,29,40.37000024,1.0,1.0
977,31,32,37,47229.0,-0.44603580762995876,13,19.27999985,1.0,0.0
978,31,36,32,92263.0,-0.3020478115811455,24,34.03000015,1.0,0.0
979,31,35,35,81551.0,-0.3362974765825864,21,29.67000008,1.0,0.0
980,32,35,34,141037.0,-0.14610184810277776,32,47.78999913,3.0,0.0
981,32,38,37,319501.0,0.4245042212416153,79,111.6500003,0.0,0.0
982,36,41,37,72741.0,-0.36446584370942486,19,24.33000016,2.0,0.0
983,63,66,68,597419.0,1.3130963046873245,135,188.5100002,2.0,1.0
984,63,69,66,98768.0,-0.28124926127920635,21,33.14000034,1.0,1.0
985,64,69,67,173165.0,-0.04337843163841149,41,59.85000026,1.0,0.0
986,65,68,69,55823.0,-0.41855806108193944,13,21.10999966,1.0,1.0
987,65,66,68,118451.0,-0.21831646103430716,28,38.35000062,4.0,1.0
988,2,6,8,74424.0,-0.3590847583661253,22,30.84000027,1.0,1.0
989,7,10,12,47929.0,-0.4437976853837854,12,14.58999991,1.0,1.0
990,7,10,8,40801.0,-0.4665881644848189,12,15.91999972,0.0,0.0
991,66,71,67,66017.0,-0.38596460654266684,17,24.22000015,1.0,0.0
992,10,16,14,725043.0,1.721150752609644,179,238.4000007,5.0,3.0
993,10,16,16,382776.0,0.6268144857082106,97,132.7300007,5.0,1.0
994,10,16,13,548250.0,1.155887400798616,137,201.6000042,5.0,1.0
995,10,11,15,1358324.0,3.7459511728651944,346,465.0799981,8.0,2.0
996,15,16,20,662249.0,1.520378397857919,163,234.9399992,2.0,0.0
997,15,16,16,559554.0,1.1920298777568206,139,195.0799994,2.0,0.0
998,16,19,21,320757.0,0.4285200520147492,68,104.6899989,2.0,0.0
999,16,20,19,906151.0,2.300210529409583,202,295.5499957,1.0,0.0
1000,16,22,19,699314.0,1.6388869707927964,164,226.0300014,3.0,0.0
1001,16,21,22,850337.0,2.121755450769701,198,287.690003,3.0,1.0
1002,16,20,22,1015460.0,2.649706107419525,247,315.9000051,9.0,2.0
1003,18,19,20,890295.0,2.249513863216263,227,332.9899989,1.0,0.0
1004,18,21,20,791817.0,1.9346484309896113,194,282.490001,4.0,2.0
1005,18,24,21,317601.0,0.418429318002002,76,115.6600008,1.0,0.0
1006,18,23,24,685211.0,1.5937952021673931,164,247.3200026,4.0,3.0
1007,19,24,23,32781.0,-0.49223065079097605,7,11.20000017,2.0,2.0
1008,19,23,22,76785.0,-0.35153589176153216,19,25.45999998,3.0,0.0
1009,19,24,23,719083.0,1.7020947403422253,206,299.5299983,12.0,5.0
1010,20,23,23,368480.0,0.5811056348063625,107,140.4200011,5.0,4.0
1011,20,24,25,260945.0,0.23728209803172268,73,100.8800011,2.0,2.0
1012,21,22,27,40998.0,-0.4659582929383958,10,13.35000038,1.0,0.0
1013,21,27,26,183293.0,-0.010996000053778104,53,73.74999964,2.0,1.0
1014,22,24,23,221561.0,0.1113589458270227,55,76.75999916,1.0,0.0
1015,22,24,24,436943.0,0.8000035824345966,109,145.8199974,1.0,1.0
1016,23,26,26,284488.0,0.31255654380552045,90,125.2700011,1.0,1.0
1017,24,26,26,85083.0,-0.3250045511918947,32,38.62999976,1.0,1.0
1018,24,28,25,14167.0,-0.5517455186342191,5,7.139999986,1.0,0.0
1019,25,29,28,300637.0,0.36419002402473893,84,116.9899981,2.0,0.0
1020,25,27,28,449921.0,0.8414983688786499,129,175.9700005,5.0,1.0
1021,25,31,31,282899.0,0.307476006306707,71,105.6600007,1.0,0.0
1022,26,29,32,669671.0,1.5441088883023453,186,259.1799988,4.0,1.0
1023,26,28,30,108655.0,-0.2496373832107555,28,46.92000186,1.0,0.0
1024,26,32,31,536248.0,1.1175131962292273,146,187.7399978,3.0,0.0
1025,27,29,30,1055017.0,2.776182395550779,265,380.6599952,16.0,2.0
1026,27,30,28,1428421.0,3.9700735372794957,367,541.7000023,10.0,0.0
1027,27,31,30,1088027.0,2.881725846045324,272,409.5600026,9.0,4.0
1028,28,29,33,288517.0,0.32543853599099515,78,102.3900002,3.0,0.0
1029,28,31,30,202231.0,0.049554798657693765,53,67.13000107,3.0,1.0
1030,28,34,32,73222.0,-0.36292793399455436,16,22.86000025,1.0,0.0
1031,28,29,34,348542.0,0.5173575186003573,96,134.889999,2.0,0.0
1032,29,32,30,1097966.0,2.9135039846234903,266,369.069997,16.0,8.0
1033,29,33,31,526923.0,1.087698210592704,138,198.0899972,2.0,1.0
1034,29,34,34,264386.0,0.2482840675304118,66,91.00000054,4.0,1.0
1035,29,30,30,854940.0,2.1364727031970374,227,297.9100007,8.0,3.0
1036,30,33,36,113567.0,-0.23393215967760786,34,50.29000044,3.0,0.0
1037,30,31,35,22859.0,-0.5239544349717355,6,9.419999838,1.0,0.0
1038,31,32,33,51754.0,-0.4315679459671955,13,20.51999998,1.0,0.0
1039,31,32,33,104347.0,-0.263411426977205,28,38.13999993,4.0,3.0
1040,63,67,66,391998.0,0.6563001476427969,97,142.0500025,3.0,1.0
1041,63,64,66,1111156.0,2.9556766023763847,282,402.3000026,5.0,0.0
1042,63,64,68,427772.0,0.7706809836922316,117,159.299999,3.0,1.0
1043,64,66,65,536457.0,1.1181814355855846,136,193.6599991,2.0,1.0
1044,64,69,68,179894.0,-0.02186368221769683,43,66.83999872,2.0,0.0
1045,64,70,66,479882.0,0.9372931983323625,131,178.6700007,6.0,0.0
1046,64,70,69,358261.0,0.5484322473297265,91,130.3600011,1.0,0.0
1047,65,67,67,346688.0,0.5114296919654925,88,114.8599998,2.0,0.0
1048,100,106,105,33445.0,-0.4901076319746059,2,3.199999928,1.0,0.0
1049,101,106,103,72228.0,-0.36610606758412045,5,7.529999852,4.0,4.0
1050,102,104,107,49699.0,-0.4381384334184614,2,2.690000057,2.0,1.0
1051,103,107,108,189761.0,0.009684249500863362,18,27.32999969,4.0,1.0
1052,105,108,107,312524.0,0.4021965370822564,37,53.78999972,2.0,0.0
1053,107,108,110,496760.0,0.9912575230050957,42,61.00999904,10.0,3.0
1054,110,112,111,310988.0,0.39728545741065324,34,46.66999936,11.0,3.0
1055,111,112,113,98606.0,-0.2817672267133207,9,12.10999984,1.0,0.0
1056,112,117,115,51104.0,-0.43364620233864215,2,3.199999928,3.0,1.0
1057,113,116,115,276762.0,0.2878540688427561,22,32.09000015,5.0,1.0
1058,101,105,103,33534.0,-0.48982307071759246,2,2.960000038,1.0,1.0
1059,102,104,107,128859.0,-0.18503878055120443,16,23.69999957,1.0,0.0
1060,103,104,105,92080.0,-0.30263292068264513,12,16.94000018,3.0,2.0
1061,105,107,107,211882.0,0.08041210979743477,33,46.64999926,3.0,1.0
1062,107,110,109,112776.0,-0.2364612378157837,9,12.67999995,1.0,0.0
1063,108,113,111,145324.0,-0.13239494800371346,14,19.82000005,2.0,1.0
1064,109,113,115,106492.0,-0.25655318095143104,14,21.26000023,2.0,0.0
1065,110,112,111,233845.0,0.15063479392986992,30,40.73000062,3.0,0.0
1066,112,117,118,155426.0,-0.10009564667393792,17,25.01000023,3.0,0.0
1067,113,116,114,97540.0,-0.28517556716249326,8,11.5199995,2.0,1.0
1068,114,117,120,61441.0,-0.4005955313976513,5,7.700000048,1.0,0.0
1069,100,104,104,76703.0,-0.35179807179608386,9,12.14999962,3.0,1.0
1070,101,107,105,68619.0,-0.37764518642189115,10,14.96000034,1.0,0.0
1071,104,108,108,17559.0,-0.5409002176927621,1,1.49000001,1.0,1.0
1072,105,107,108,137879.0,-0.15619897675051395,19,28.47000003,2.0,0.0
1073,106,110,112,67710.0,-0.380551548024422,10,15.14999998,1.0,0.0
1074,107,113,108,348180.0,0.5162000896673362,41,60.22999907,3.0,1.0
1075,108,110,112,146246.0,-0.12944702127375374,18,28.71999955,3.0,1.0
1076,110,116,113,187236.0,0.0016110228271667474,24,34.86999965,2.0,2.0
1077,111,112,112,72157.0,-0.3663330771262323,9,13.50000036,1.0,1.0
1078,112,113,114,91180.0,-0.3055105064277251,10,13.55999994,1.0,0.0
1079,113,114,116,86293.0,-0.3211357970235094,6,9.259999871,1.0,1.0
1080,100,105,106,101410.0,-0.2728019484586493,12,17.94000006,4.0,0.0
1081,102,107,103,134245.0,-0.167818028525648,18,25.75000024,2.0,1.0
1082,104,105,107,125650.0,-0.19529897239116184,20,30.08000076,4.0,0.0
1083,105,109,106,50406.0,-0.4358779299498264,5,7.26000011,1.0,1.0
1084,107,113,111,121769.0,-0.2077077615874456,13,18.41999996,2.0,1.0
1085,108,113,113,267106.0,0.2569807711155424,34,50.5,4.0,1.0
1086,109,115,115,365539.0,0.5717023240549399,57,82.13999915,5.0,2.0
1087,110,114,111,188758.0,0.006477340053846449,25,36.60000038,2.0,1.0
1088,112,114,114,108426.0,-0.2503695689170036,13,19.58000016,1.0,0.0
1089,113,116,116,138525.0,-0.15413350964904543,9,13.65000045,3.0,0.0
1090,114,117,118,150858.0,-0.11470099298896609,21,30.26000011,1.0,0.0
1091,101,102,102,524306.0,1.0793308307095104,81,113.6800029,10.0,4.0
1092,102,103,103,104496.0,-0.26293502667051954,9,11.42999983,3.0,2.0
1093,103,109,105,452519.0,0.8498049997294475,68,99.52000237,7.0,2.0
1094,104,105,108,442919.0,0.8191107517819277,76,110.7800021,21.0,2.0
1095,105,111,107,596831.0,1.3112162820005389,86,120.8799992,11.0,0.0
1096,106,109,108,173912.0,-0.040990035469995106,26,35.54000032,2.0,1.0
1097,107,109,113,780967.0,1.899957536173925,86,119.6400018,20.0,4.0
1098,108,111,111,132124.0,-0.17459953893155317,8,11.18999994,4.0,0.0
1099,109,110,112,623137.0,1.3953249160117323,100,138.9200006,12.0,1.0
1100,110,114,111,99020.0,-0.28044353727058396,10,14.48000044,4.0,1.0
1101,111,113,114,665817.0,1.531786426678414,117,163.8000002,23.0,9.0
1102,112,114,113,699232.0,1.6386247907582445,80,111.9899995,12.0,3.0
1103,100,103,102,72982.0,-0.3636952901932423,11,15.04999995,1.0,0.0
1104,101,107,104,975884.0,2.5231690702558747,167,237.3199975,14.0,3.0
1105,102,106,103,245607.0,0.18824164230057072,33,47.87999952,3.0,1.0
1106,106,111,109,485369.0,0.9548368794248668,114,164.6400015,3.0,0.0
1107,107,111,112,866355.0,2.172970082397135,139,200.8299961,11.0,5.0
1108,108,110,110,502710.0,1.010281562097569,72,105.2199969,8.0,2.0
1109,109,114,111,475184.0,0.9222722007430451,88,127.3200028,4.0,1.0
1110,110,111,111,357401.0,0.5456825542844279,47,68.67000008,8.0,1.0
1111,111,114,112,99810.0,-0.27791765644990263,14,20.05000019,2.0,0.0
1112,112,116,114,81569.0,-0.3362399248676848,6,9.409999967,3.0,1.0
1113,113,115,114,441192.0,0.8135889844688686,53,77.59999979,6.0,2.0
1114,114,115,116,90470.0,-0.30778060184884376,11,16.73000002,1.0,1.0
1115,100,102,102,834243.0,2.0702978230126816,166,246.7499975,18.0,7.0
1116,101,105,106,696612.0,1.6302478189225673,152,223.1899948,31.0,9.0
1117,102,103,106,329333.0,0.4559402468478668,48,67.60999918,1.0,0.0
1118,103,104,105,1114711.0,2.9670430660694507,224,319.0000019,6.0,0.0
1119,104,107,107,267316.0,0.2576522077893944,58,82.92999887,3.0,0.0
1120,105,109,106,228629.0,0.13395758587838416,38,57.0,2.0,0.0
1121,106,107,111,758340.0,1.8276118332251197,159,233.110002,13.0,4.0
1122,107,108,110,877535.0,2.208716091986018,149,217.7799966,5.0,2.0
1123,108,113,112,1357386.0,3.742952089055322,223,323.0600071,10.0,1.0
1124,109,115,115,280240.0,0.29897433908874294,61,87.99000168,2.0,2.0
1125,110,116,116,419922.0,0.745582041360145,75,105.4500008,3.0,1.0
1126,111,116,115,402975.0,0.691397101780289,83,120.8999977,1.0,0.0
1127,112,115,116,1137635.0,3.040338372314132,211,301.0499992,30.0,10.0
1128,114,118,119,250234.0,0.20303563034777636,40,62.31999922,4.0,1.0
1129,100,106,101,904907.0,2.2962330664463835,195,279.219995,11.0,1.0
1130,101,105,105,589270.0,1.2870413644243726,107,158.0500023,10.0,4.0
1131,102,104,104,168714.0,-0.057609691806579266,24,36.01000071,2.0,2.0
1132,103,105,104,71982.0,-0.36689260768777565,11,16.34000051,1.0,0.0
1133,104,107,110,558666.0,1.189190659821675,110,162.6399975,14.0,5.0
1134,105,106,109,1118200.0,2.9781985068078773,235,333.7499943,11.0,4.0
1135,106,112,108,107100.0,-0.2546092119147548,23,33.71000051,1.0,0.0
1136,107,113,112,877769.0,2.2094642642797386,160,232.5900005,13.0,4.0
1137,108,112,112,212508.0,0.08241363054901261,33,47.69000006,4.0,1.0
1138,109,111,114,1129773.0,3.0152010621721113,252,358.189997,13.0,2.0
1139,110,111,116,637549.0,1.4414046557429463,120,173.8800035,3.0,0.0
1140,111,113,117,151531.0,-0.11254919831514518,28,40.28999949,2.0,0.0
1141,113,114,117,790253.0,1.9296478264281611,135,198.7100005,8.0,2.0
1142,114,116,118,513161.0,1.0436967272329367,114,165.6099987,5.0,2.0
